,image_id,FORMAT,SIZE,URL,class_name
0,Normal-1,PNG,512*512,https://www.ncbi.nlm.nih.gov/pmc/articles/PMC4256233/,Normal
1,Normal-2,PNG,512*512,https://www.ncbi.nlm.nih.gov/pmc/articles/PMC4256233/,Normal
2,Normal-3,PNG,512*512,https://www.ncbi.nlm.nih.gov/pmc/articles/PMC4256233/,Normal
3,Normal-4,PNG,512*512,https://www.ncbi.nlm.nih.gov/pmc/articles/PMC4256233/,Normal
4,Normal-5,PNG,512*512,https://www.ncbi.nlm.nih.gov/pmc/articles/PMC4256233/,Normal
5,Normal-6,PNG,512*512,https://www.ncbi.nlm.nih.gov/pmc/articles/PMC4256233/,Normal
6,Normal-7,PNG,512*512,https://www.ncbi.nlm.nih.gov/pmc/articles/PMC4256233/,Normal
7,Normal-8,PNG,512*512,https://www.ncbi.nlm.nih.gov/pmc/articles/PMC4256233/,Normal
8,Normal-9,PNG,512*512,https://www.ncbi.nlm.nih.gov/pmc/articles/PMC4256233/,Normal
9,Normal-10,PNG,512*512,https://www.ncbi.nlm.nih.gov/pmc/articles/PMC4256233/,Normal
10,Normal-11,PNG,512*512,https://www.ncbi.nlm.nih.gov/pmc/articles/PMC4256233/,Normal
11,Normal-12,PNG,512*512,https://www.ncbi.nlm.nih.gov/pmc/articles/PMC4256233/,Normal
12,Normal-13,PNG,512*512,https://www.ncbi.nlm.nih.gov/pmc/articles/PMC4256233/,Normal
13,Normal-14,PNG,512*512,https://www.ncbi.nlm.nih.gov/pmc/articles/PMC4256233/,Normal
14,Normal-15,PNG,512*512,https://www.ncbi.nlm.nih.gov/pmc/articles/PMC4256233/,Normal
15,Normal-16,PNG,512*512,https://www.ncbi.nlm.nih.gov/pmc/articles/PMC4256233/,Normal
16,Normal-17,PNG,512*512,https://www.ncbi.nlm.nih.gov/pmc/articles/PMC4256233/,Normal
17,Normal-18,PNG,512*512,https://www.ncbi.nlm.nih.gov/pmc/articles/PMC4256233/,Normal
18,Normal-19,PNG,512*512,https://www.ncbi.nlm.nih.gov/pmc/articles/PMC4256233/,Normal
19,Normal-20,PNG,512*512,https://www.ncbi.nlm.nih.gov/pmc/articles/PMC4256233/,Normal
20,Normal-21,PNG,512*512,https://www.ncbi.nlm.nih.gov/pmc/articles/PMC4256233/,Normal
21,Normal-22,PNG,512*512,https://www.ncbi.nlm.nih.gov/pmc/articles/PMC4256233/,Normal
22,Normal-23,PNG,512*512,https://www.ncbi.nlm.nih.gov/pmc/articles/PMC4256233/,Normal
23,Normal-24,PNG,512*512,https://www.ncbi.nlm.nih.gov/pmc/articles/PMC4256233/,Normal
24,Normal-25,PNG,512*512,https://www.ncbi.nlm.nih.gov/pmc/articles/PMC4256233/,Normal
25,Normal-26,PNG,512*512,https://www.ncbi.nlm.nih.gov/pmc/articles/PMC4256233/,Normal
26,Normal-27,PNG,512*512,https://www.ncbi.nlm.nih.gov/pmc/articles/PMC4256233/,Normal
27,Normal-28,PNG,512*512,https://www.ncbi.nlm.nih.gov/pmc/articles/PMC4256233/,Normal
28,Normal-29,PNG,512*512,https://www.ncbi.nlm.nih.gov/pmc/articles/PMC4256233/,Normal
29,Normal-30,PNG,512*512,https://www.ncbi.nlm.nih.gov/pmc/articles/PMC4256233/,Normal
30,Normal-31,PNG,512*512,https://www.ncbi.nlm.nih.gov/pmc/articles/PMC4256233/,Normal
31,Normal-32,PNG,512*512,https://www.ncbi.nlm.nih.gov/pmc/articles/PMC4256233/,Normal
32,Normal-33,PNG,512*512,https://www.ncbi.nlm.nih.gov/pmc/articles/PMC4256233/,Normal
33,Normal-34,PNG,512*512,https://www.ncbi.nlm.nih.gov/pmc/articles/PMC4256233/,Normal
34,Normal-35,PNG,512*512,https://www.ncbi.nlm.nih.gov/pmc/articles/PMC4256233/,Normal
35,Normal-36,PNG,512*512,https://www.ncbi.nlm.nih.gov/pmc/articles/PMC4256233/,Normal
36,Normal-37,PNG,512*512,https://www.ncbi.nlm.nih.gov/pmc/articles/PMC4256233/,Normal
37,Normal-38,PNG,512*512,https://www.ncbi.nlm.nih.gov/pmc/articles/PMC4256233/,Normal
38,Normal-39,PNG,512*512,https://www.ncbi.nlm.nih.gov/pmc/articles/PMC4256233/,Normal
39,Normal-40,PNG,512*512,https://www.ncbi.nlm.nih.gov/pmc/articles/PMC4256233/,Normal
40,Normal-41,PNG,512*512,https://www.ncbi.nlm.nih.gov/pmc/articles/PMC4256233/,Normal
41,Normal-42,PNG,512*512,https://www.ncbi.nlm.nih.gov/pmc/articles/PMC4256233/,Normal
42,Normal-43,PNG,512*512,https://www.ncbi.nlm.nih.gov/pmc/articles/PMC4256233/,Normal
43,Normal-44,PNG,512*512,https://www.ncbi.nlm.nih.gov/pmc/articles/PMC4256233/,Normal
44,Normal-45,PNG,512*512,https://www.ncbi.nlm.nih.gov/pmc/articles/PMC4256233/,Normal
45,Normal-46,PNG,512*512,https://www.ncbi.nlm.nih.gov/pmc/articles/PMC4256233/,Normal
46,Normal-47,PNG,512*512,https://www.ncbi.nlm.nih.gov/pmc/articles/PMC4256233/,Normal
47,Normal-48,PNG,512*512,https://www.ncbi.nlm.nih.gov/pmc/articles/PMC4256233/,Normal
48,Normal-49,PNG,512*512,https://www.ncbi.nlm.nih.gov/pmc/articles/PMC4256233/,Normal
49,Normal-50,PNG,512*512,https://www.ncbi.nlm.nih.gov/pmc/articles/PMC4256233/,Normal
50,Normal-51,PNG,512*512,https://www.ncbi.nlm.nih.gov/pmc/articles/PMC4256233/,Normal
51,Normal-52,PNG,512*512,https://www.ncbi.nlm.nih.gov/pmc/articles/PMC4256233/,Normal
52,Normal-53,PNG,512*512,https://www.ncbi.nlm.nih.gov/pmc/articles/PMC4256233/,Normal
53,Normal-54,PNG,512*512,https://www.ncbi.nlm.nih.gov/pmc/articles/PMC4256233/,Normal
54,Normal-55,PNG,512*512,https://www.ncbi.nlm.nih.gov/pmc/articles/PMC4256233/,Normal
55,Normal-56,PNG,512*512,https://www.ncbi.nlm.nih.gov/pmc/articles/PMC4256233/,Normal
56,Normal-57,PNG,512*512,https://www.ncbi.nlm.nih.gov/pmc/articles/PMC4256233/,Normal
57,Normal-58,PNG,512*512,https://www.ncbi.nlm.nih.gov/pmc/articles/PMC4256233/,Normal
58,Normal-59,PNG,512*512,https://www.ncbi.nlm.nih.gov/pmc/articles/PMC4256233/,Normal
59,Normal-60,PNG,512*512,https://www.ncbi.nlm.nih.gov/pmc/articles/PMC4256233/,Normal
60,Normal-61,PNG,512*512,https://www.ncbi.nlm.nih.gov/pmc/articles/PMC4256233/,Normal
61,Normal-62,PNG,512*512,https://www.ncbi.nlm.nih.gov/pmc/articles/PMC4256233/,Normal
62,Normal-63,PNG,512*512,https://www.ncbi.nlm.nih.gov/pmc/articles/PMC4256233/,Normal
63,Normal-64,PNG,512*512,https://www.ncbi.nlm.nih.gov/pmc/articles/PMC4256233/,Normal
64,Normal-65,PNG,512*512,https://www.ncbi.nlm.nih.gov/pmc/articles/PMC4256233/,Normal
65,Normal-66,PNG,512*512,https://www.ncbi.nlm.nih.gov/pmc/articles/PMC4256233/,Normal
66,Normal-67,PNG,512*512,https://www.ncbi.nlm.nih.gov/pmc/articles/PMC4256233/,Normal
67,Normal-68,PNG,512*512,https://www.ncbi.nlm.nih.gov/pmc/articles/PMC4256233/,Normal
68,Normal-69,PNG,512*512,https://www.ncbi.nlm.nih.gov/pmc/articles/PMC4256233/,Normal
69,Normal-70,PNG,512*512,https://www.ncbi.nlm.nih.gov/pmc/articles/PMC4256233/,Normal
70,Normal-71,PNG,512*512,https://www.ncbi.nlm.nih.gov/pmc/articles/PMC4256233/,Normal
71,Normal-72,PNG,512*512,https://www.ncbi.nlm.nih.gov/pmc/articles/PMC4256233/,Normal
72,Normal-73,PNG,512*512,https://www.ncbi.nlm.nih.gov/pmc/articles/PMC4256233/,Normal
73,Normal-74,PNG,512*512,https://www.ncbi.nlm.nih.gov/pmc/articles/PMC4256233/,Normal
74,Normal-75,PNG,512*512,https://www.ncbi.nlm.nih.gov/pmc/articles/PMC4256233/,Normal
75,Normal-76,PNG,512*512,https://www.ncbi.nlm.nih.gov/pmc/articles/PMC4256233/,Normal
76,Normal-77,PNG,512*512,https://www.ncbi.nlm.nih.gov/pmc/articles/PMC4256233/,Normal
77,Normal-78,PNG,512*512,https://www.ncbi.nlm.nih.gov/pmc/articles/PMC4256233/,Normal
78,Normal-79,PNG,512*512,https://www.ncbi.nlm.nih.gov/pmc/articles/PMC4256233/,Normal
79,Normal-80,PNG,512*512,https://www.ncbi.nlm.nih.gov/pmc/articles/PMC4256233/,Normal
80,Normal-81,PNG,512*512,https://www.ncbi.nlm.nih.gov/pmc/articles/PMC4256233/,Normal
81,Normal-82,PNG,512*512,https://www.ncbi.nlm.nih.gov/pmc/articles/PMC4256233/,Normal
82,Normal-83,PNG,512*512,https://www.ncbi.nlm.nih.gov/pmc/articles/PMC4256233/,Normal
83,Normal-84,PNG,512*512,https://www.ncbi.nlm.nih.gov/pmc/articles/PMC4256233/,Normal
84,Normal-85,PNG,512*512,https://www.ncbi.nlm.nih.gov/pmc/articles/PMC4256233/,Normal
85,Normal-86,PNG,512*512,https://www.ncbi.nlm.nih.gov/pmc/articles/PMC4256233/,Normal
86,Normal-87,PNG,512*512,https://www.ncbi.nlm.nih.gov/pmc/articles/PMC4256233/,Normal
87,Normal-88,PNG,512*512,https://www.ncbi.nlm.nih.gov/pmc/articles/PMC4256233/,Normal
88,Normal-89,PNG,512*512,https://www.ncbi.nlm.nih.gov/pmc/articles/PMC4256233/,Normal
89,Normal-90,PNG,512*512,https://www.ncbi.nlm.nih.gov/pmc/articles/PMC4256233/,Normal
90,Normal-91,PNG,512*512,https://www.ncbi.nlm.nih.gov/pmc/articles/PMC4256233/,Normal
91,Normal-92,PNG,512*512,https://www.ncbi.nlm.nih.gov/pmc/articles/PMC4256233/,Normal
92,Normal-93,PNG,512*512,https://www.ncbi.nlm.nih.gov/pmc/articles/PMC4256233/,Normal
93,Normal-94,PNG,512*512,https://www.ncbi.nlm.nih.gov/pmc/articles/PMC4256233/,Normal
94,Normal-95,PNG,512*512,https://www.ncbi.nlm.nih.gov/pmc/articles/PMC4256233/,Normal
95,Normal-96,PNG,512*512,https://www.ncbi.nlm.nih.gov/pmc/articles/PMC4256233/,Normal
96,Normal-97,PNG,512*512,https://www.ncbi.nlm.nih.gov/pmc/articles/PMC4256233/,Normal
97,Normal-98,PNG,512*512,https://www.ncbi.nlm.nih.gov/pmc/articles/PMC4256233/,Normal
98,Normal-99,PNG,512*512,https://www.ncbi.nlm.nih.gov/pmc/articles/PMC4256233/,Normal
99,Normal-100,PNG,512*512,https://www.ncbi.nlm.nih.gov/pmc/articles/PMC4256233/,Normal
100,Normal-101,PNG,512*512,https://www.ncbi.nlm.nih.gov/pmc/articles/PMC4256233/,Normal
101,Normal-102,PNG,512*512,https://www.ncbi.nlm.nih.gov/pmc/articles/PMC4256233/,Normal
102,Normal-103,PNG,512*512,https://www.ncbi.nlm.nih.gov/pmc/articles/PMC4256233/,Normal
103,Normal-104,PNG,512*512,https://www.ncbi.nlm.nih.gov/pmc/articles/PMC4256233/,Normal
104,Normal-105,PNG,512*512,https://www.ncbi.nlm.nih.gov/pmc/articles/PMC4256233/,Normal
105,Normal-106,PNG,512*512,https://www.ncbi.nlm.nih.gov/pmc/articles/PMC4256233/,Normal
106,Normal-107,PNG,512*512,https://www.ncbi.nlm.nih.gov/pmc/articles/PMC4256233/,Normal
107,Normal-108,PNG,512*512,https://www.ncbi.nlm.nih.gov/pmc/articles/PMC4256233/,Normal
108,Normal-109,PNG,512*512,https://www.ncbi.nlm.nih.gov/pmc/articles/PMC4256233/,Normal
109,Normal-110,PNG,512*512,https://www.ncbi.nlm.nih.gov/pmc/articles/PMC4256233/,Normal
110,Normal-111,PNG,512*512,https://www.ncbi.nlm.nih.gov/pmc/articles/PMC4256233/,Normal
111,Normal-112,PNG,512*512,https://www.ncbi.nlm.nih.gov/pmc/articles/PMC4256233/,Normal
112,Normal-113,PNG,512*512,https://www.ncbi.nlm.nih.gov/pmc/articles/PMC4256233/,Normal
113,Normal-114,PNG,512*512,https://www.ncbi.nlm.nih.gov/pmc/articles/PMC4256233/,Normal
114,Normal-115,PNG,512*512,https://www.ncbi.nlm.nih.gov/pmc/articles/PMC4256233/,Normal
115,Normal-116,PNG,512*512,https://www.ncbi.nlm.nih.gov/pmc/articles/PMC4256233/,Normal
116,Normal-117,PNG,512*512,https://www.ncbi.nlm.nih.gov/pmc/articles/PMC4256233/,Normal
117,Normal-118,PNG,512*512,https://www.ncbi.nlm.nih.gov/pmc/articles/PMC4256233/,Normal
118,Normal-119,PNG,512*512,https://www.ncbi.nlm.nih.gov/pmc/articles/PMC4256233/,Normal
119,Normal-120,PNG,512*512,https://www.ncbi.nlm.nih.gov/pmc/articles/PMC4256233/,Normal
120,Normal-121,PNG,512*512,https://www.ncbi.nlm.nih.gov/pmc/articles/PMC4256233/,Normal
121,Normal-122,PNG,512*512,https://www.ncbi.nlm.nih.gov/pmc/articles/PMC4256233/,Normal
122,Normal-123,PNG,512*512,https://www.ncbi.nlm.nih.gov/pmc/articles/PMC4256233/,Normal
123,Normal-124,PNG,512*512,https://www.ncbi.nlm.nih.gov/pmc/articles/PMC4256233/,Normal
124,Normal-125,PNG,512*512,https://www.ncbi.nlm.nih.gov/pmc/articles/PMC4256233/,Normal
125,Normal-126,PNG,512*512,https://www.ncbi.nlm.nih.gov/pmc/articles/PMC4256233/,Normal
126,Normal-127,PNG,512*512,https://www.ncbi.nlm.nih.gov/pmc/articles/PMC4256233/,Normal
127,Normal-128,PNG,512*512,https://www.ncbi.nlm.nih.gov/pmc/articles/PMC4256233/,Normal
128,Normal-129,PNG,512*512,https://www.ncbi.nlm.nih.gov/pmc/articles/PMC4256233/,Normal
129,Normal-130,PNG,512*512,https://www.ncbi.nlm.nih.gov/pmc/articles/PMC4256233/,Normal
130,Normal-131,PNG,512*512,https://www.ncbi.nlm.nih.gov/pmc/articles/PMC4256233/,Normal
131,Normal-132,PNG,512*512,https://www.ncbi.nlm.nih.gov/pmc/articles/PMC4256233/,Normal
132,Normal-133,PNG,512*512,https://www.ncbi.nlm.nih.gov/pmc/articles/PMC4256233/,Normal
133,Normal-134,PNG,512*512,https://www.ncbi.nlm.nih.gov/pmc/articles/PMC4256233/,Normal
134,Normal-135,PNG,512*512,https://www.ncbi.nlm.nih.gov/pmc/articles/PMC4256233/,Normal
135,Normal-136,PNG,512*512,https://www.ncbi.nlm.nih.gov/pmc/articles/PMC4256233/,Normal
136,Normal-137,PNG,512*512,https://www.ncbi.nlm.nih.gov/pmc/articles/PMC4256233/,Normal
137,Normal-138,PNG,512*512,https://www.ncbi.nlm.nih.gov/pmc/articles/PMC4256233/,Normal
138,Normal-139,PNG,512*512,https://www.ncbi.nlm.nih.gov/pmc/articles/PMC4256233/,Normal
139,Normal-140,PNG,512*512,https://www.ncbi.nlm.nih.gov/pmc/articles/PMC4256233/,Normal
140,Normal-141,PNG,512*512,https://www.ncbi.nlm.nih.gov/pmc/articles/PMC4256233/,Normal
141,Normal-142,PNG,512*512,https://www.ncbi.nlm.nih.gov/pmc/articles/PMC4256233/,Normal
142,Normal-143,PNG,512*512,https://www.ncbi.nlm.nih.gov/pmc/articles/PMC4256233/,Normal
143,Normal-144,PNG,512*512,https://www.ncbi.nlm.nih.gov/pmc/articles/PMC4256233/,Normal
144,Normal-145,PNG,512*512,https://www.ncbi.nlm.nih.gov/pmc/articles/PMC4256233/,Normal
145,Normal-146,PNG,512*512,https://www.ncbi.nlm.nih.gov/pmc/articles/PMC4256233/,Normal
146,Normal-147,PNG,512*512,https://www.ncbi.nlm.nih.gov/pmc/articles/PMC4256233/,Normal
147,Normal-148,PNG,512*512,https://www.ncbi.nlm.nih.gov/pmc/articles/PMC4256233/,Normal
148,Normal-149,PNG,512*512,https://www.ncbi.nlm.nih.gov/pmc/articles/PMC4256233/,Normal
149,Normal-150,PNG,512*512,https://www.ncbi.nlm.nih.gov/pmc/articles/PMC4256233/,Normal
150,Normal-151,PNG,512*512,https://www.ncbi.nlm.nih.gov/pmc/articles/PMC4256233/,Normal
151,Normal-152,PNG,512*512,https://www.ncbi.nlm.nih.gov/pmc/articles/PMC4256233/,Normal
152,Normal-153,PNG,512*512,https://www.ncbi.nlm.nih.gov/pmc/articles/PMC4256233/,Normal
153,Normal-154,PNG,512*512,https://www.ncbi.nlm.nih.gov/pmc/articles/PMC4256233/,Normal
154,Normal-155,PNG,512*512,https://www.ncbi.nlm.nih.gov/pmc/articles/PMC4256233/,Normal
155,Normal-156,PNG,512*512,https://www.ncbi.nlm.nih.gov/pmc/articles/PMC4256233/,Normal
156,Normal-157,PNG,512*512,https://www.ncbi.nlm.nih.gov/pmc/articles/PMC4256233/,Normal
157,Normal-158,PNG,512*512,https://www.ncbi.nlm.nih.gov/pmc/articles/PMC4256233/,Normal
158,Normal-159,PNG,512*512,https://www.ncbi.nlm.nih.gov/pmc/articles/PMC4256233/,Normal
159,Normal-160,PNG,512*512,https://www.ncbi.nlm.nih.gov/pmc/articles/PMC4256233/,Normal
160,Normal-161,PNG,512*512,https://www.ncbi.nlm.nih.gov/pmc/articles/PMC4256233/,Normal
161,Normal-162,PNG,512*512,https://www.ncbi.nlm.nih.gov/pmc/articles/PMC4256233/,Normal
162,Normal-163,PNG,512*512,https://www.ncbi.nlm.nih.gov/pmc/articles/PMC4256233/,Normal
163,Normal-164,PNG,512*512,https://www.ncbi.nlm.nih.gov/pmc/articles/PMC4256233/,Normal
164,Normal-165,PNG,512*512,https://www.ncbi.nlm.nih.gov/pmc/articles/PMC4256233/,Normal
165,Normal-166,PNG,512*512,https://www.ncbi.nlm.nih.gov/pmc/articles/PMC4256233/,Normal
166,Normal-167,PNG,512*512,https://www.ncbi.nlm.nih.gov/pmc/articles/PMC4256233/,Normal
167,Normal-168,PNG,512*512,https://www.ncbi.nlm.nih.gov/pmc/articles/PMC4256233/,Normal
168,Normal-169,PNG,512*512,https://www.ncbi.nlm.nih.gov/pmc/articles/PMC4256233/,Normal
169,Normal-170,PNG,512*512,https://www.ncbi.nlm.nih.gov/pmc/articles/PMC4256233/,Normal
170,Normal-171,PNG,512*512,https://www.ncbi.nlm.nih.gov/pmc/articles/PMC4256233/,Normal
171,Normal-172,PNG,512*512,https://www.ncbi.nlm.nih.gov/pmc/articles/PMC4256233/,Normal
172,Normal-173,PNG,512*512,https://www.ncbi.nlm.nih.gov/pmc/articles/PMC4256233/,Normal
173,Normal-174,PNG,512*512,https://www.ncbi.nlm.nih.gov/pmc/articles/PMC4256233/,Normal
174,Normal-175,PNG,512*512,https://www.ncbi.nlm.nih.gov/pmc/articles/PMC4256233/,Normal
175,Normal-176,PNG,512*512,https://www.ncbi.nlm.nih.gov/pmc/articles/PMC4256233/,Normal
176,Normal-177,PNG,512*512,https://www.ncbi.nlm.nih.gov/pmc/articles/PMC4256233/,Normal
177,Normal-178,PNG,512*512,https://www.ncbi.nlm.nih.gov/pmc/articles/PMC4256233/,Normal
178,Normal-179,PNG,512*512,https://www.ncbi.nlm.nih.gov/pmc/articles/PMC4256233/,Normal
179,Normal-180,PNG,512*512,https://www.ncbi.nlm.nih.gov/pmc/articles/PMC4256233/,Normal
180,Normal-181,PNG,512*512,https://www.ncbi.nlm.nih.gov/pmc/articles/PMC4256233/,Normal
181,Normal-182,PNG,512*512,https://www.ncbi.nlm.nih.gov/pmc/articles/PMC4256233/,Normal
182,Normal-183,PNG,512*512,https://www.ncbi.nlm.nih.gov/pmc/articles/PMC4256233/,Normal
183,Normal-184,PNG,512*512,https://www.ncbi.nlm.nih.gov/pmc/articles/PMC4256233/,Normal
184,Normal-185,PNG,512*512,https://www.ncbi.nlm.nih.gov/pmc/articles/PMC4256233/,Normal
185,Normal-186,PNG,512*512,https://www.ncbi.nlm.nih.gov/pmc/articles/PMC4256233/,Normal
186,Normal-187,PNG,512*512,https://www.ncbi.nlm.nih.gov/pmc/articles/PMC4256233/,Normal
187,Normal-188,PNG,512*512,https://www.ncbi.nlm.nih.gov/pmc/articles/PMC4256233/,Normal
188,Normal-189,PNG,512*512,https://www.ncbi.nlm.nih.gov/pmc/articles/PMC4256233/,Normal
189,Normal-190,PNG,512*512,https://www.ncbi.nlm.nih.gov/pmc/articles/PMC4256233/,Normal
190,Normal-191,PNG,512*512,https://www.ncbi.nlm.nih.gov/pmc/articles/PMC4256233/,Normal
191,Normal-192,PNG,512*512,https://www.ncbi.nlm.nih.gov/pmc/articles/PMC4256233/,Normal
192,Normal-193,PNG,512*512,https://www.ncbi.nlm.nih.gov/pmc/articles/PMC4256233/,Normal
193,Normal-194,PNG,512*512,https://www.ncbi.nlm.nih.gov/pmc/articles/PMC4256233/,Normal
194,Normal-195,PNG,512*512,https://www.ncbi.nlm.nih.gov/pmc/articles/PMC4256233/,Normal
195,Normal-196,PNG,512*512,https://www.ncbi.nlm.nih.gov/pmc/articles/PMC4256233/,Normal
196,Normal-197,PNG,512*512,https://www.ncbi.nlm.nih.gov/pmc/articles/PMC4256233/,Normal
197,Normal-198,PNG,512*512,https://www.ncbi.nlm.nih.gov/pmc/articles/PMC4256233/,Normal
198,Normal-199,PNG,512*512,https://www.ncbi.nlm.nih.gov/pmc/articles/PMC4256233/,Normal
199,Normal-200,PNG,512*512,https://www.ncbi.nlm.nih.gov/pmc/articles/PMC4256233/,Normal
200,Normal-201,PNG,512*512,https://www.ncbi.nlm.nih.gov/pmc/articles/PMC4256233/,Normal
201,Normal-202,PNG,512*512,https://www.ncbi.nlm.nih.gov/pmc/articles/PMC4256233/,Normal
202,Normal-203,PNG,512*512,https://www.ncbi.nlm.nih.gov/pmc/articles/PMC4256233/,Normal
203,Normal-204,PNG,512*512,https://www.ncbi.nlm.nih.gov/pmc/articles/PMC4256233/,Normal
204,Normal-205,PNG,512*512,https://www.ncbi.nlm.nih.gov/pmc/articles/PMC4256233/,Normal
205,Normal-206,PNG,512*512,https://www.ncbi.nlm.nih.gov/pmc/articles/PMC4256233/,Normal
206,Normal-207,PNG,512*512,https://www.ncbi.nlm.nih.gov/pmc/articles/PMC4256233/,Normal
207,Normal-208,PNG,512*512,https://www.ncbi.nlm.nih.gov/pmc/articles/PMC4256233/,Normal
208,Normal-209,PNG,512*512,https://www.ncbi.nlm.nih.gov/pmc/articles/PMC4256233/,Normal
209,Normal-210,PNG,512*512,https://www.ncbi.nlm.nih.gov/pmc/articles/PMC4256233/,Normal
210,Normal-211,PNG,512*512,https://www.ncbi.nlm.nih.gov/pmc/articles/PMC4256233/,Normal
211,Normal-212,PNG,512*512,https://www.ncbi.nlm.nih.gov/pmc/articles/PMC4256233/,Normal
212,Normal-213,PNG,512*512,https://www.ncbi.nlm.nih.gov/pmc/articles/PMC4256233/,Normal
213,Normal-214,PNG,512*512,https://www.ncbi.nlm.nih.gov/pmc/articles/PMC4256233/,Normal
214,Normal-215,PNG,512*512,https://www.ncbi.nlm.nih.gov/pmc/articles/PMC4256233/,Normal
215,Normal-216,PNG,512*512,https://www.ncbi.nlm.nih.gov/pmc/articles/PMC4256233/,Normal
216,Normal-217,PNG,512*512,https://www.ncbi.nlm.nih.gov/pmc/articles/PMC4256233/,Normal
217,Normal-218,PNG,512*512,https://www.ncbi.nlm.nih.gov/pmc/articles/PMC4256233/,Normal
218,Normal-219,PNG,512*512,https://www.ncbi.nlm.nih.gov/pmc/articles/PMC4256233/,Normal
219,Normal-220,PNG,512*512,https://www.ncbi.nlm.nih.gov/pmc/articles/PMC4256233/,Normal
220,Normal-221,PNG,512*512,https://www.ncbi.nlm.nih.gov/pmc/articles/PMC4256233/,Normal
221,Normal-222,PNG,512*512,https://www.ncbi.nlm.nih.gov/pmc/articles/PMC4256233/,Normal
222,Normal-223,PNG,512*512,https://www.ncbi.nlm.nih.gov/pmc/articles/PMC4256233/,Normal
223,Normal-224,PNG,512*512,https://www.ncbi.nlm.nih.gov/pmc/articles/PMC4256233/,Normal
224,Normal-225,PNG,512*512,https://www.ncbi.nlm.nih.gov/pmc/articles/PMC4256233/,Normal
225,Normal-226,PNG,512*512,https://www.ncbi.nlm.nih.gov/pmc/articles/PMC4256233/,Normal
226,Normal-227,PNG,512*512,https://www.ncbi.nlm.nih.gov/pmc/articles/PMC4256233/,Normal
227,Normal-228,PNG,512*512,https://www.ncbi.nlm.nih.gov/pmc/articles/PMC4256233/,Normal
228,Normal-229,PNG,512*512,https://www.ncbi.nlm.nih.gov/pmc/articles/PMC4256233/,Normal
229,Normal-230,PNG,512*512,https://www.ncbi.nlm.nih.gov/pmc/articles/PMC4256233/,Normal
230,Normal-231,PNG,512*512,https://www.ncbi.nlm.nih.gov/pmc/articles/PMC4256233/,Normal
231,Normal-232,PNG,512*512,https://www.ncbi.nlm.nih.gov/pmc/articles/PMC4256233/,Normal
232,Normal-233,PNG,512*512,https://www.ncbi.nlm.nih.gov/pmc/articles/PMC4256233/,Normal
233,Normal-234,PNG,512*512,https://www.ncbi.nlm.nih.gov/pmc/articles/PMC4256233/,Normal
234,Normal-235,PNG,512*512,https://www.ncbi.nlm.nih.gov/pmc/articles/PMC4256233/,Normal
235,Normal-236,PNG,512*512,https://www.ncbi.nlm.nih.gov/pmc/articles/PMC4256233/,Normal
236,Normal-237,PNG,512*512,https://www.ncbi.nlm.nih.gov/pmc/articles/PMC4256233/,Normal
237,Normal-238,PNG,512*512,https://www.ncbi.nlm.nih.gov/pmc/articles/PMC4256233/,Normal
238,Normal-239,PNG,512*512,https://www.ncbi.nlm.nih.gov/pmc/articles/PMC4256233/,Normal
239,Normal-240,PNG,512*512,https://www.ncbi.nlm.nih.gov/pmc/articles/PMC4256233/,Normal
240,Normal-241,PNG,512*512,https://www.ncbi.nlm.nih.gov/pmc/articles/PMC4256233/,Normal
241,Normal-242,PNG,512*512,https://www.ncbi.nlm.nih.gov/pmc/articles/PMC4256233/,Normal
242,Normal-243,PNG,512*512,https://www.ncbi.nlm.nih.gov/pmc/articles/PMC4256233/,Normal
243,Normal-244,PNG,512*512,https://www.ncbi.nlm.nih.gov/pmc/articles/PMC4256233/,Normal
244,Normal-245,PNG,512*512,https://www.ncbi.nlm.nih.gov/pmc/articles/PMC4256233/,Normal
245,Normal-246,PNG,512*512,https://www.ncbi.nlm.nih.gov/pmc/articles/PMC4256233/,Normal
246,Normal-247,PNG,512*512,https://www.ncbi.nlm.nih.gov/pmc/articles/PMC4256233/,Normal
247,Normal-248,PNG,512*512,https://www.ncbi.nlm.nih.gov/pmc/articles/PMC4256233/,Normal
248,Normal-249,PNG,512*512,https://www.ncbi.nlm.nih.gov/pmc/articles/PMC4256233/,Normal
249,Normal-250,PNG,512*512,https://www.ncbi.nlm.nih.gov/pmc/articles/PMC4256233/,Normal
250,Normal-251,PNG,512*512,https://www.ncbi.nlm.nih.gov/pmc/articles/PMC4256233/,Normal
251,Normal-252,PNG,512*512,https://www.ncbi.nlm.nih.gov/pmc/articles/PMC4256233/,Normal
252,Normal-253,PNG,512*512,https://www.ncbi.nlm.nih.gov/pmc/articles/PMC4256233/,Normal
253,Normal-254,PNG,512*512,https://www.ncbi.nlm.nih.gov/pmc/articles/PMC4256233/,Normal
254,Normal-255,PNG,512*512,https://www.ncbi.nlm.nih.gov/pmc/articles/PMC4256233/,Normal
255,Normal-256,PNG,512*512,https://www.ncbi.nlm.nih.gov/pmc/articles/PMC4256233/,Normal
256,Normal-257,PNG,512*512,https://www.ncbi.nlm.nih.gov/pmc/articles/PMC4256233/,Normal
257,Normal-258,PNG,512*512,https://www.ncbi.nlm.nih.gov/pmc/articles/PMC4256233/,Normal
258,Normal-259,PNG,512*512,https://www.ncbi.nlm.nih.gov/pmc/articles/PMC4256233/,Normal
259,Normal-260,PNG,512*512,https://www.ncbi.nlm.nih.gov/pmc/articles/PMC4256233/,Normal
260,Normal-261,PNG,512*512,https://www.ncbi.nlm.nih.gov/pmc/articles/PMC4256233/,Normal
261,Normal-262,PNG,512*512,https://www.ncbi.nlm.nih.gov/pmc/articles/PMC4256233/,Normal
262,Normal-263,PNG,512*512,https://www.ncbi.nlm.nih.gov/pmc/articles/PMC4256233/,Normal
263,Normal-264,PNG,512*512,https://www.ncbi.nlm.nih.gov/pmc/articles/PMC4256233/,Normal
264,Normal-265,PNG,512*512,https://www.ncbi.nlm.nih.gov/pmc/articles/PMC4256233/,Normal
265,Normal-266,PNG,512*512,https://www.ncbi.nlm.nih.gov/pmc/articles/PMC4256233/,Normal
266,Normal-267,PNG,512*512,https://www.ncbi.nlm.nih.gov/pmc/articles/PMC4256233/,Normal
267,Normal-268,PNG,512*512,https://www.ncbi.nlm.nih.gov/pmc/articles/PMC4256233/,Normal
268,Normal-269,PNG,512*512,https://www.ncbi.nlm.nih.gov/pmc/articles/PMC4256233/,Normal
269,Normal-270,PNG,512*512,https://www.ncbi.nlm.nih.gov/pmc/articles/PMC4256233/,Normal
270,Normal-271,PNG,512*512,https://www.ncbi.nlm.nih.gov/pmc/articles/PMC4256233/,Normal
271,Normal-272,PNG,512*512,https://www.ncbi.nlm.nih.gov/pmc/articles/PMC4256233/,Normal
272,Normal-273,PNG,512*512,https://www.ncbi.nlm.nih.gov/pmc/articles/PMC4256233/,Normal
273,Normal-274,PNG,512*512,https://www.ncbi.nlm.nih.gov/pmc/articles/PMC4256233/,Normal
274,Normal-275,PNG,512*512,https://www.ncbi.nlm.nih.gov/pmc/articles/PMC4256233/,Normal
275,Normal-276,PNG,512*512,https://www.ncbi.nlm.nih.gov/pmc/articles/PMC4256233/,Normal
276,Normal-277,PNG,512*512,https://www.ncbi.nlm.nih.gov/pmc/articles/PMC4256233/,Normal
277,Normal-278,PNG,512*512,https://www.ncbi.nlm.nih.gov/pmc/articles/PMC4256233/,Normal
278,Normal-279,PNG,512*512,https://www.ncbi.nlm.nih.gov/pmc/articles/PMC4256233/,Normal
279,Normal-280,PNG,512*512,https://www.ncbi.nlm.nih.gov/pmc/articles/PMC4256233/,Normal
280,Normal-281,PNG,512*512,https://www.ncbi.nlm.nih.gov/pmc/articles/PMC4256233/,Normal
281,Normal-282,PNG,512*512,https://www.ncbi.nlm.nih.gov/pmc/articles/PMC4256233/,Normal
282,Normal-283,PNG,512*512,https://www.ncbi.nlm.nih.gov/pmc/articles/PMC4256233/,Normal
283,Normal-284,PNG,512*512,https://www.ncbi.nlm.nih.gov/pmc/articles/PMC4256233/,Normal
284,Normal-285,PNG,512*512,https://www.ncbi.nlm.nih.gov/pmc/articles/PMC4256233/,Normal
285,Normal-286,PNG,512*512,https://www.ncbi.nlm.nih.gov/pmc/articles/PMC4256233/,Normal
286,Normal-287,PNG,512*512,https://www.ncbi.nlm.nih.gov/pmc/articles/PMC4256233/,Normal
287,Normal-288,PNG,512*512,https://www.ncbi.nlm.nih.gov/pmc/articles/PMC4256233/,Normal
288,Normal-289,PNG,512*512,https://www.ncbi.nlm.nih.gov/pmc/articles/PMC4256233/,Normal
289,Normal-290,PNG,512*512,https://www.ncbi.nlm.nih.gov/pmc/articles/PMC4256233/,Normal
290,Normal-291,PNG,512*512,https://www.ncbi.nlm.nih.gov/pmc/articles/PMC4256233/,Normal
291,Normal-292,PNG,512*512,https://www.ncbi.nlm.nih.gov/pmc/articles/PMC4256233/,Normal
292,Normal-293,PNG,512*512,https://www.ncbi.nlm.nih.gov/pmc/articles/PMC4256233/,Normal
293,Normal-294,PNG,512*512,https://www.ncbi.nlm.nih.gov/pmc/articles/PMC4256233/,Normal
294,Normal-295,PNG,512*512,https://www.ncbi.nlm.nih.gov/pmc/articles/PMC4256233/,Normal
295,Normal-296,PNG,512*512,https://www.ncbi.nlm.nih.gov/pmc/articles/PMC4256233/,Normal
296,Normal-297,PNG,512*512,https://www.ncbi.nlm.nih.gov/pmc/articles/PMC4256233/,Normal
297,Normal-298,PNG,512*512,https://www.ncbi.nlm.nih.gov/pmc/articles/PMC4256233/,Normal
298,Normal-299,PNG,512*512,https://www.ncbi.nlm.nih.gov/pmc/articles/PMC4256233/,Normal
299,Normal-300,PNG,512*512,https://www.ncbi.nlm.nih.gov/pmc/articles/PMC4256233/,Normal
300,Normal-301,PNG,512*512,https://www.ncbi.nlm.nih.gov/pmc/articles/PMC4256233/,Normal
301,Normal-302,PNG,512*512,https://www.ncbi.nlm.nih.gov/pmc/articles/PMC4256233/,Normal
302,Normal-303,PNG,512*512,https://www.ncbi.nlm.nih.gov/pmc/articles/PMC4256233/,Normal
303,Normal-304,PNG,512*512,https://www.ncbi.nlm.nih.gov/pmc/articles/PMC4256233/,Normal
304,Normal-305,PNG,512*512,https://www.ncbi.nlm.nih.gov/pmc/articles/PMC4256233/,Normal
305,Normal-306,PNG,512*512,https://www.ncbi.nlm.nih.gov/pmc/articles/PMC4256233/,Normal
306,Normal-307,PNG,512*512,https://www.ncbi.nlm.nih.gov/pmc/articles/PMC4256233/,Normal
307,Normal-308,PNG,512*512,https://www.ncbi.nlm.nih.gov/pmc/articles/PMC4256233/,Normal
308,Normal-309,PNG,512*512,https://www.ncbi.nlm.nih.gov/pmc/articles/PMC4256233/,Normal
309,Normal-310,PNG,512*512,https://www.ncbi.nlm.nih.gov/pmc/articles/PMC4256233/,Normal
310,Normal-311,PNG,512*512,https://www.ncbi.nlm.nih.gov/pmc/articles/PMC4256233/,Normal
311,Normal-312,PNG,512*512,https://www.ncbi.nlm.nih.gov/pmc/articles/PMC4256233/,Normal
312,Normal-313,PNG,512*512,https://www.ncbi.nlm.nih.gov/pmc/articles/PMC4256233/,Normal
313,Normal-314,PNG,512*512,https://www.ncbi.nlm.nih.gov/pmc/articles/PMC4256233/,Normal
314,Normal-315,PNG,512*512,https://www.ncbi.nlm.nih.gov/pmc/articles/PMC4256233/,Normal
315,Normal-316,PNG,512*512,https://www.ncbi.nlm.nih.gov/pmc/articles/PMC4256233/,Normal
316,Normal-317,PNG,512*512,https://www.ncbi.nlm.nih.gov/pmc/articles/PMC4256233/,Normal
317,Normal-318,PNG,512*512,https://www.ncbi.nlm.nih.gov/pmc/articles/PMC4256233/,Normal
318,Normal-319,PNG,512*512,https://www.ncbi.nlm.nih.gov/pmc/articles/PMC4256233/,Normal
319,Normal-320,PNG,512*512,https://www.ncbi.nlm.nih.gov/pmc/articles/PMC4256233/,Normal
320,Normal-321,PNG,512*512,https://www.ncbi.nlm.nih.gov/pmc/articles/PMC4256233/,Normal
321,Normal-322,PNG,512*512,https://www.ncbi.nlm.nih.gov/pmc/articles/PMC4256233/,Normal
322,Normal-323,PNG,512*512,https://www.ncbi.nlm.nih.gov/pmc/articles/PMC4256233/,Normal
323,Normal-324,PNG,512*512,https://www.ncbi.nlm.nih.gov/pmc/articles/PMC4256233/,Normal
324,Normal-325,PNG,512*512,https://www.ncbi.nlm.nih.gov/pmc/articles/PMC4256233/,Normal
325,Normal-326,PNG,512*512,https://www.ncbi.nlm.nih.gov/pmc/articles/PMC4256233/,Normal
326,Normal-327,PNG,512*512,https://www.ncbi.nlm.nih.gov/pmc/articles/PMC4256233/,Normal
327,Normal-328,PNG,512*512,https://www.ncbi.nlm.nih.gov/pmc/articles/PMC4256233/,Normal
328,Normal-329,PNG,512*512,https://www.ncbi.nlm.nih.gov/pmc/articles/PMC4256233/,Normal
329,Normal-330,PNG,512*512,https://www.ncbi.nlm.nih.gov/pmc/articles/PMC4256233/,Normal
330,Normal-331,PNG,512*512,https://www.ncbi.nlm.nih.gov/pmc/articles/PMC4256233/,Normal
331,Normal-332,PNG,512*512,https://www.ncbi.nlm.nih.gov/pmc/articles/PMC4256233/,Normal
332,Normal-333,PNG,512*512,https://www.ncbi.nlm.nih.gov/pmc/articles/PMC4256233/,Normal
333,Normal-334,PNG,512*512,https://www.ncbi.nlm.nih.gov/pmc/articles/PMC4256233/,Normal
334,Normal-335,PNG,512*512,https://www.ncbi.nlm.nih.gov/pmc/articles/PMC4256233/,Normal
335,Normal-336,PNG,512*512,https://www.ncbi.nlm.nih.gov/pmc/articles/PMC4256233/,Normal
336,Normal-337,PNG,512*512,https://www.ncbi.nlm.nih.gov/pmc/articles/PMC4256233/,Normal
337,Normal-338,PNG,512*512,https://www.ncbi.nlm.nih.gov/pmc/articles/PMC4256233/,Normal
338,Normal-339,PNG,512*512,https://www.ncbi.nlm.nih.gov/pmc/articles/PMC4256233/,Normal
339,Normal-340,PNG,512*512,https://www.ncbi.nlm.nih.gov/pmc/articles/PMC4256233/,Normal
340,Normal-341,PNG,512*512,https://www.ncbi.nlm.nih.gov/pmc/articles/PMC4256233/,Normal
341,Normal-342,PNG,512*512,https://www.ncbi.nlm.nih.gov/pmc/articles/PMC4256233/,Normal
342,Normal-343,PNG,512*512,https://www.ncbi.nlm.nih.gov/pmc/articles/PMC4256233/,Normal
343,Normal-344,PNG,512*512,https://www.ncbi.nlm.nih.gov/pmc/articles/PMC4256233/,Normal
344,Normal-345,PNG,512*512,https://www.ncbi.nlm.nih.gov/pmc/articles/PMC4256233/,Normal
345,Normal-346,PNG,512*512,https://www.ncbi.nlm.nih.gov/pmc/articles/PMC4256233/,Normal
346,Normal-347,PNG,512*512,https://www.ncbi.nlm.nih.gov/pmc/articles/PMC4256233/,Normal
347,Normal-348,PNG,512*512,https://www.ncbi.nlm.nih.gov/pmc/articles/PMC4256233/,Normal
348,Normal-349,PNG,512*512,https://www.ncbi.nlm.nih.gov/pmc/articles/PMC4256233/,Normal
349,Normal-350,PNG,512*512,https://www.ncbi.nlm.nih.gov/pmc/articles/PMC4256233/,Normal
350,Normal-351,PNG,512*512,https://www.ncbi.nlm.nih.gov/pmc/articles/PMC4256233/,Normal
351,Normal-352,PNG,512*512,https://www.ncbi.nlm.nih.gov/pmc/articles/PMC4256233/,Normal
352,Normal-353,PNG,512*512,https://www.ncbi.nlm.nih.gov/pmc/articles/PMC4256233/,Normal
353,Normal-354,PNG,512*512,https://www.ncbi.nlm.nih.gov/pmc/articles/PMC4256233/,Normal
354,Normal-355,PNG,512*512,https://www.ncbi.nlm.nih.gov/pmc/articles/PMC4256233/,Normal
355,Normal-356,PNG,512*512,https://www.ncbi.nlm.nih.gov/pmc/articles/PMC4256233/,Normal
356,Normal-357,PNG,512*512,https://www.ncbi.nlm.nih.gov/pmc/articles/PMC4256233/,Normal
357,Normal-358,PNG,512*512,https://www.ncbi.nlm.nih.gov/pmc/articles/PMC4256233/,Normal
358,Normal-359,PNG,512*512,https://www.ncbi.nlm.nih.gov/pmc/articles/PMC4256233/,Normal
359,Normal-360,PNG,512*512,https://www.ncbi.nlm.nih.gov/pmc/articles/PMC4256233/,Normal
360,Normal-361,PNG,512*512,https://www.ncbi.nlm.nih.gov/pmc/articles/PMC4256233/,Normal
361,Normal-362,PNG,512*512,https://www.ncbi.nlm.nih.gov/pmc/articles/PMC4256233/,Normal
362,Normal-363,PNG,512*512,https://www.ncbi.nlm.nih.gov/pmc/articles/PMC4256233/,Normal
363,Normal-364,PNG,512*512,https://www.ncbi.nlm.nih.gov/pmc/articles/PMC4256233/,Normal
364,Normal-365,PNG,512*512,https://www.ncbi.nlm.nih.gov/pmc/articles/PMC4256233/,Normal
365,Normal-366,PNG,512*512,https://www.ncbi.nlm.nih.gov/pmc/articles/PMC4256233/,Normal
366,Normal-367,PNG,512*512,https://www.ncbi.nlm.nih.gov/pmc/articles/PMC4256233/,Normal
367,Normal-368,PNG,512*512,https://www.ncbi.nlm.nih.gov/pmc/articles/PMC4256233/,Normal
368,Normal-369,PNG,512*512,https://www.ncbi.nlm.nih.gov/pmc/articles/PMC4256233/,Normal
369,Normal-370,PNG,512*512,https://www.ncbi.nlm.nih.gov/pmc/articles/PMC4256233/,Normal
370,Normal-371,PNG,512*512,https://www.ncbi.nlm.nih.gov/pmc/articles/PMC4256233/,Normal
371,Normal-372,PNG,512*512,https://www.ncbi.nlm.nih.gov/pmc/articles/PMC4256233/,Normal
372,Normal-373,PNG,512*512,https://www.ncbi.nlm.nih.gov/pmc/articles/PMC4256233/,Normal
373,Normal-374,PNG,512*512,https://www.ncbi.nlm.nih.gov/pmc/articles/PMC4256233/,Normal
374,Normal-375,PNG,512*512,https://www.ncbi.nlm.nih.gov/pmc/articles/PMC4256233/,Normal
375,Normal-376,PNG,512*512,https://www.ncbi.nlm.nih.gov/pmc/articles/PMC4256233/,Normal
376,Normal-377,PNG,512*512,https://www.ncbi.nlm.nih.gov/pmc/articles/PMC4256233/,Normal
377,Normal-378,PNG,512*512,https://www.ncbi.nlm.nih.gov/pmc/articles/PMC4256233/,Normal
378,Normal-379,PNG,512*512,https://www.ncbi.nlm.nih.gov/pmc/articles/PMC4256233/,Normal
379,Normal-380,PNG,512*512,https://www.ncbi.nlm.nih.gov/pmc/articles/PMC4256233/,Normal
380,Normal-381,PNG,512*512,https://www.ncbi.nlm.nih.gov/pmc/articles/PMC4256233/,Normal
381,Normal-382,PNG,512*512,https://www.ncbi.nlm.nih.gov/pmc/articles/PMC4256233/,Normal
382,Normal-383,PNG,512*512,https://www.ncbi.nlm.nih.gov/pmc/articles/PMC4256233/,Normal
383,Normal-384,PNG,512*512,https://www.ncbi.nlm.nih.gov/pmc/articles/PMC4256233/,Normal
384,Normal-385,PNG,512*512,https://www.ncbi.nlm.nih.gov/pmc/articles/PMC4256233/,Normal
385,Normal-386,PNG,512*512,https://www.ncbi.nlm.nih.gov/pmc/articles/PMC4256233/,Normal
386,Normal-387,PNG,512*512,https://www.ncbi.nlm.nih.gov/pmc/articles/PMC4256233/,Normal
387,Normal-388,PNG,512*512,https://www.ncbi.nlm.nih.gov/pmc/articles/PMC4256233/,Normal
388,Normal-389,PNG,512*512,https://www.ncbi.nlm.nih.gov/pmc/articles/PMC4256233/,Normal
389,Normal-390,PNG,512*512,https://www.ncbi.nlm.nih.gov/pmc/articles/PMC4256233/,Normal
390,Normal-391,PNG,512*512,https://www.ncbi.nlm.nih.gov/pmc/articles/PMC4256233/,Normal
391,Normal-392,PNG,512*512,https://www.ncbi.nlm.nih.gov/pmc/articles/PMC4256233/,Normal
392,Normal-393,PNG,512*512,https://www.ncbi.nlm.nih.gov/pmc/articles/PMC4256233/,Normal
393,Normal-394,PNG,512*512,https://www.ncbi.nlm.nih.gov/pmc/articles/PMC4256233/,Normal
394,Normal-395,PNG,512*512,https://www.ncbi.nlm.nih.gov/pmc/articles/PMC4256233/,Normal
395,Normal-396,PNG,512*512,https://www.ncbi.nlm.nih.gov/pmc/articles/PMC4256233/,Normal
396,Normal-397,PNG,512*512,https://www.ncbi.nlm.nih.gov/pmc/articles/PMC4256233/,Normal
397,Normal-398,PNG,512*512,https://www.ncbi.nlm.nih.gov/pmc/articles/PMC4256233/,Normal
398,Normal-399,PNG,512*512,https://www.ncbi.nlm.nih.gov/pmc/articles/PMC4256233/,Normal
399,Normal-400,PNG,512*512,https://www.ncbi.nlm.nih.gov/pmc/articles/PMC4256233/,Normal
400,Normal-401,PNG,512*512,https://www.ncbi.nlm.nih.gov/pmc/articles/PMC4256233/,Normal
401,Normal-402,PNG,512*512,https://www.ncbi.nlm.nih.gov/pmc/articles/PMC4256233/,Normal
402,Normal-403,PNG,512*512,https://www.ncbi.nlm.nih.gov/pmc/articles/PMC4256233/,Normal
403,Normal-404,PNG,512*512,https://www.ncbi.nlm.nih.gov/pmc/articles/PMC4256233/,Normal
404,Normal-405,PNG,512*512,https://www.ncbi.nlm.nih.gov/pmc/articles/PMC4256233/,Normal
405,Normal-406,PNG,512*512,https://www.ncbi.nlm.nih.gov/pmc/articles/PMC4256233/,Normal
406,Normal-407,PNG,512*512,https://www.kaggle.com/c/rsna-pneumonia-detection-challenge/data,Normal
407,Normal-408,PNG,512*512,https://www.kaggle.com/c/rsna-pneumonia-detection-challenge/data,Normal
408,Normal-409,PNG,512*512,https://www.kaggle.com/c/rsna-pneumonia-detection-challenge/data,Normal
409,Normal-410,PNG,512*512,https://www.kaggle.com/c/rsna-pneumonia-detection-challenge/data,Normal
410,Normal-411,PNG,512*512,https://www.kaggle.com/c/rsna-pneumonia-detection-challenge/data,Normal
411,Normal-412,PNG,512*512,https://www.kaggle.com/c/rsna-pneumonia-detection-challenge/data,Normal
412,Normal-413,PNG,512*512,https://www.kaggle.com/c/rsna-pneumonia-detection-challenge/data,Normal
413,Normal-414,PNG,512*512,https://www.kaggle.com/c/rsna-pneumonia-detection-challenge/data,Normal
414,Normal-415,PNG,512*512,https://www.kaggle.com/c/rsna-pneumonia-detection-challenge/data,Normal
415,Normal-416,PNG,512*512,https://www.kaggle.com/c/rsna-pneumonia-detection-challenge/data,Normal
416,Normal-417,PNG,512*512,https://www.kaggle.com/c/rsna-pneumonia-detection-challenge/data,Normal
417,Normal-418,PNG,512*512,https://www.kaggle.com/c/rsna-pneumonia-detection-challenge/data,Normal
418,Normal-419,PNG,512*512,https://www.kaggle.com/c/rsna-pneumonia-detection-challenge/data,Normal
419,Normal-420,PNG,512*512,https://www.kaggle.com/c/rsna-pneumonia-detection-challenge/data,Normal
420,Normal-421,PNG,512*512,https://www.kaggle.com/c/rsna-pneumonia-detection-challenge/data,Normal
421,Normal-422,PNG,512*512,https://www.kaggle.com/c/rsna-pneumonia-detection-challenge/data,Normal
422,Normal-423,PNG,512*512,https://www.kaggle.com/c/rsna-pneumonia-detection-challenge/data,Normal
423,Normal-424,PNG,512*512,https://www.kaggle.com/c/rsna-pneumonia-detection-challenge/data,Normal
424,Normal-425,PNG,512*512,https://www.kaggle.com/c/rsna-pneumonia-detection-challenge/data,Normal
425,Normal-426,PNG,512*512,https://www.kaggle.com/c/rsna-pneumonia-detection-challenge/data,Normal
426,Normal-427,PNG,512*512,https://www.kaggle.com/c/rsna-pneumonia-detection-challenge/data,Normal
427,Normal-428,PNG,512*512,https://www.kaggle.com/c/rsna-pneumonia-detection-challenge/data,Normal
428,Normal-429,PNG,512*512,https://www.kaggle.com/c/rsna-pneumonia-detection-challenge/data,Normal
429,Normal-430,PNG,512*512,https://www.kaggle.com/c/rsna-pneumonia-detection-challenge/data,Normal
430,Normal-431,PNG,512*512,https://www.kaggle.com/c/rsna-pneumonia-detection-challenge/data,Normal
431,Normal-432,PNG,512*512,https://www.kaggle.com/c/rsna-pneumonia-detection-challenge/data,Normal
432,Normal-433,PNG,512*512,https://www.kaggle.com/c/rsna-pneumonia-detection-challenge/data,Normal
433,Normal-434,PNG,512*512,https://www.kaggle.com/c/rsna-pneumonia-detection-challenge/data,Normal
434,Normal-435,PNG,512*512,https://www.kaggle.com/c/rsna-pneumonia-detection-challenge/data,Normal
435,Normal-436,PNG,512*512,https://www.kaggle.com/c/rsna-pneumonia-detection-challenge/data,Normal
436,Normal-437,PNG,512*512,https://www.kaggle.com/c/rsna-pneumonia-detection-challenge/data,Normal
437,Normal-438,PNG,512*512,https://www.kaggle.com/c/rsna-pneumonia-detection-challenge/data,Normal
438,Normal-439,PNG,512*512,https://www.kaggle.com/c/rsna-pneumonia-detection-challenge/data,Normal
439,Normal-440,PNG,512*512,https://www.kaggle.com/c/rsna-pneumonia-detection-challenge/data,Normal
440,Normal-441,PNG,512*512,https://www.kaggle.com/c/rsna-pneumonia-detection-challenge/data,Normal
441,Normal-442,PNG,512*512,https://www.kaggle.com/c/rsna-pneumonia-detection-challenge/data,Normal
442,Normal-443,PNG,512*512,https://www.kaggle.com/c/rsna-pneumonia-detection-challenge/data,Normal
443,Normal-444,PNG,512*512,https://www.kaggle.com/c/rsna-pneumonia-detection-challenge/data,Normal
444,Normal-445,PNG,512*512,https://www.kaggle.com/c/rsna-pneumonia-detection-challenge/data,Normal
445,Normal-446,PNG,512*512,https://www.kaggle.com/c/rsna-pneumonia-detection-challenge/data,Normal
446,Normal-447,PNG,512*512,https://www.kaggle.com/c/rsna-pneumonia-detection-challenge/data,Normal
447,Normal-448,PNG,512*512,https://www.kaggle.com/c/rsna-pneumonia-detection-challenge/data,Normal
448,Normal-449,PNG,512*512,https://www.kaggle.com/c/rsna-pneumonia-detection-challenge/data,Normal
449,Normal-450,PNG,512*512,https://www.kaggle.com/c/rsna-pneumonia-detection-challenge/data,Normal
450,Normal-451,PNG,512*512,https://www.kaggle.com/c/rsna-pneumonia-detection-challenge/data,Normal
451,Normal-452,PNG,512*512,https://www.kaggle.com/c/rsna-pneumonia-detection-challenge/data,Normal
452,Normal-453,PNG,512*512,https://www.kaggle.com/c/rsna-pneumonia-detection-challenge/data,Normal
453,Normal-454,PNG,512*512,https://www.kaggle.com/c/rsna-pneumonia-detection-challenge/data,Normal
454,Normal-455,PNG,512*512,https://www.kaggle.com/c/rsna-pneumonia-detection-challenge/data,Normal
455,Normal-456,PNG,512*512,https://www.kaggle.com/c/rsna-pneumonia-detection-challenge/data,Normal
456,Normal-457,PNG,512*512,https://www.kaggle.com/c/rsna-pneumonia-detection-challenge/data,Normal
457,Normal-458,PNG,512*512,https://www.kaggle.com/c/rsna-pneumonia-detection-challenge/data,Normal
458,Normal-459,PNG,512*512,https://www.kaggle.com/c/rsna-pneumonia-detection-challenge/data,Normal
459,Normal-460,PNG,512*512,https://www.kaggle.com/c/rsna-pneumonia-detection-challenge/data,Normal
460,Normal-461,PNG,512*512,https://www.kaggle.com/c/rsna-pneumonia-detection-challenge/data,Normal
461,Normal-462,PNG,512*512,https://www.kaggle.com/c/rsna-pneumonia-detection-challenge/data,Normal
462,Normal-463,PNG,512*512,https://www.kaggle.com/c/rsna-pneumonia-detection-challenge/data,Normal
463,Normal-464,PNG,512*512,https://www.kaggle.com/c/rsna-pneumonia-detection-challenge/data,Normal
464,Normal-465,PNG,512*512,https://www.kaggle.com/c/rsna-pneumonia-detection-challenge/data,Normal
465,Normal-466,PNG,512*512,https://www.kaggle.com/c/rsna-pneumonia-detection-challenge/data,Normal
466,Normal-467,PNG,512*512,https://www.kaggle.com/c/rsna-pneumonia-detection-challenge/data,Normal
467,Normal-468,PNG,512*512,https://www.kaggle.com/c/rsna-pneumonia-detection-challenge/data,Normal
468,Normal-469,PNG,512*512,https://www.kaggle.com/c/rsna-pneumonia-detection-challenge/data,Normal
469,Normal-470,PNG,512*512,https://www.kaggle.com/c/rsna-pneumonia-detection-challenge/data,Normal
470,Normal-471,PNG,512*512,https://www.kaggle.com/c/rsna-pneumonia-detection-challenge/data,Normal
471,Normal-472,PNG,512*512,https://www.kaggle.com/c/rsna-pneumonia-detection-challenge/data,Normal
472,Normal-473,PNG,512*512,https://www.kaggle.com/c/rsna-pneumonia-detection-challenge/data,Normal
473,Normal-474,PNG,512*512,https://www.kaggle.com/c/rsna-pneumonia-detection-challenge/data,Normal
474,Normal-475,PNG,512*512,https://www.kaggle.com/c/rsna-pneumonia-detection-challenge/data,Normal
475,Normal-476,PNG,512*512,https://www.kaggle.com/c/rsna-pneumonia-detection-challenge/data,Normal
476,Normal-477,PNG,512*512,https://www.kaggle.com/c/rsna-pneumonia-detection-challenge/data,Normal
477,Normal-478,PNG,512*512,https://www.kaggle.com/c/rsna-pneumonia-detection-challenge/data,Normal
478,Normal-479,PNG,512*512,https://www.kaggle.com/c/rsna-pneumonia-detection-challenge/data,Normal
479,Normal-480,PNG,512*512,https://www.kaggle.com/c/rsna-pneumonia-detection-challenge/data,Normal
480,Normal-481,PNG,512*512,https://www.kaggle.com/c/rsna-pneumonia-detection-challenge/data,Normal
481,Normal-482,PNG,512*512,https://www.kaggle.com/c/rsna-pneumonia-detection-challenge/data,Normal
482,Normal-483,PNG,512*512,https://www.kaggle.com/c/rsna-pneumonia-detection-challenge/data,Normal
483,Normal-484,PNG,512*512,https://www.kaggle.com/c/rsna-pneumonia-detection-challenge/data,Normal
484,Normal-485,PNG,512*512,https://www.kaggle.com/c/rsna-pneumonia-detection-challenge/data,Normal
485,Normal-486,PNG,512*512,https://www.kaggle.com/c/rsna-pneumonia-detection-challenge/data,Normal
486,Normal-487,PNG,512*512,https://www.kaggle.com/c/rsna-pneumonia-detection-challenge/data,Normal
487,Normal-488,PNG,512*512,https://www.kaggle.com/c/rsna-pneumonia-detection-challenge/data,Normal
488,Normal-489,PNG,512*512,https://www.kaggle.com/c/rsna-pneumonia-detection-challenge/data,Normal
489,Normal-490,PNG,512*512,https://www.kaggle.com/c/rsna-pneumonia-detection-challenge/data,Normal
490,Normal-491,PNG,512*512,https://www.kaggle.com/c/rsna-pneumonia-detection-challenge/data,Normal
491,Normal-492,PNG,512*512,https://www.kaggle.com/c/rsna-pneumonia-detection-challenge/data,Normal
492,Normal-493,PNG,512*512,https://www.kaggle.com/c/rsna-pneumonia-detection-challenge/data,Normal
493,Normal-494,PNG,512*512,https://www.kaggle.com/c/rsna-pneumonia-detection-challenge/data,Normal
494,Normal-495,PNG,512*512,https://www.kaggle.com/c/rsna-pneumonia-detection-challenge/data,Normal
495,Normal-496,PNG,512*512,https://www.kaggle.com/c/rsna-pneumonia-detection-challenge/data,Normal
496,Normal-497,PNG,512*512,https://www.kaggle.com/c/rsna-pneumonia-detection-challenge/data,Normal
497,Normal-498,PNG,512*512,https://www.kaggle.com/c/rsna-pneumonia-detection-challenge/data,Normal
498,Normal-499,PNG,512*512,https://www.kaggle.com/c/rsna-pneumonia-detection-challenge/data,Normal
499,Normal-500,PNG,512*512,https://www.kaggle.com/c/rsna-pneumonia-detection-challenge/data,Normal
0,Tuberculosis-1,PNG,512*512,http://tuberculosis.by/,Tuberculosis
1,Tuberculosis-2,PNG,512*512,http://tuberculosis.by/,Tuberculosis
2,Tuberculosis-3,PNG,512*512,http://tuberculosis.by/,Tuberculosis
3,Tuberculosis-4,PNG,512*512,http://tuberculosis.by/,Tuberculosis
4,Tuberculosis-5,PNG,512*512,http://tuberculosis.by/,Tuberculosis
5,Tuberculosis-6,PNG,512*512,http://tuberculosis.by/,Tuberculosis
6,Tuberculosis-7,PNG,512*512,http://tuberculosis.by/,Tuberculosis
7,Tuberculosis-8,PNG,512*512,http://tuberculosis.by/,Tuberculosis
8,Tuberculosis-9,PNG,512*512,http://tuberculosis.by/,Tuberculosis
9,Tuberculosis-10,PNG,512*512,http://tuberculosis.by/,Tuberculosis
10,Tuberculosis-11,PNG,512*512,http://tuberculosis.by/,Tuberculosis
11,Tuberculosis-12,PNG,512*512,http://tuberculosis.by/,Tuberculosis
12,Tuberculosis-13,PNG,512*512,http://tuberculosis.by/,Tuberculosis
13,Tuberculosis-14,PNG,512*512,http://tuberculosis.by/,Tuberculosis
14,Tuberculosis-15,PNG,512*512,http://tuberculosis.by/,Tuberculosis
15,Tuberculosis-16,PNG,512*512,http://tuberculosis.by/,Tuberculosis
16,Tuberculosis-17,PNG,512*512,http://tuberculosis.by/,Tuberculosis
17,Tuberculosis-18,PNG,512*512,http://tuberculosis.by/,Tuberculosis
18,Tuberculosis-19,PNG,512*512,http://tuberculosis.by/,Tuberculosis
19,Tuberculosis-20,PNG,512*512,http://tuberculosis.by/,Tuberculosis
20,Tuberculosis-21,PNG,512*512,http://tuberculosis.by/,Tuberculosis
21,Tuberculosis-22,PNG,512*512,http://tuberculosis.by/,Tuberculosis
22,Tuberculosis-23,PNG,512*512,http://tuberculosis.by/,Tuberculosis
23,Tuberculosis-24,PNG,512*512,http://tuberculosis.by/,Tuberculosis
24,Tuberculosis-25,PNG,512*512,http://tuberculosis.by/,Tuberculosis
25,Tuberculosis-26,PNG,512*512,http://tuberculosis.by/,Tuberculosis
26,Tuberculosis-27,PNG,512*512,http://tuberculosis.by/,Tuberculosis
27,Tuberculosis-28,PNG,512*512,http://tuberculosis.by/,Tuberculosis
28,Tuberculosis-29,PNG,512*512,http://tuberculosis.by/,Tuberculosis
29,Tuberculosis-30,PNG,512*512,http://tuberculosis.by/,Tuberculosis
30,Tuberculosis-31,PNG,512*512,http://tuberculosis.by/,Tuberculosis
31,Tuberculosis-32,PNG,512*512,http://tuberculosis.by/,Tuberculosis
32,Tuberculosis-33,PNG,512*512,http://tuberculosis.by/,Tuberculosis
33,Tuberculosis-34,PNG,512*512,http://tuberculosis.by/,Tuberculosis
34,Tuberculosis-35,PNG,512*512,http://tuberculosis.by/,Tuberculosis
35,Tuberculosis-36,PNG,512*512,http://tuberculosis.by/,Tuberculosis
36,Tuberculosis-37,PNG,512*512,http://tuberculosis.by/,Tuberculosis
37,Tuberculosis-38,PNG,512*512,http://tuberculosis.by/,Tuberculosis
38,Tuberculosis-39,PNG,512*512,http://tuberculosis.by/,Tuberculosis
39,Tuberculosis-40,PNG,512*512,http://tuberculosis.by/,Tuberculosis
40,Tuberculosis-41,PNG,512*512,http://tuberculosis.by/,Tuberculosis
41,Tuberculosis-42,PNG,512*512,http://tuberculosis.by/,Tuberculosis
42,Tuberculosis-43,PNG,512*512,http://tuberculosis.by/,Tuberculosis
43,Tuberculosis-44,PNG,512*512,http://tuberculosis.by/,Tuberculosis
44,Tuberculosis-45,PNG,512*512,http://tuberculosis.by/,Tuberculosis
45,Tuberculosis-46,PNG,512*512,http://tuberculosis.by/,Tuberculosis
46,Tuberculosis-47,PNG,512*512,http://tuberculosis.by/,Tuberculosis
47,Tuberculosis-48,PNG,512*512,http://tuberculosis.by/,Tuberculosis
48,Tuberculosis-49,PNG,512*512,http://tuberculosis.by/,Tuberculosis
49,Tuberculosis-50,PNG,512*512,http://tuberculosis.by/,Tuberculosis
50,Tuberculosis-51,PNG,512*512,http://tuberculosis.by/,Tuberculosis
51,Tuberculosis-52,PNG,512*512,http://tuberculosis.by/,Tuberculosis
52,Tuberculosis-53,PNG,512*512,http://tuberculosis.by/,Tuberculosis
53,Tuberculosis-54,PNG,512*512,http://tuberculosis.by/,Tuberculosis
54,Tuberculosis-55,PNG,512*512,http://tuberculosis.by/,Tuberculosis
55,Tuberculosis-56,PNG,512*512,http://tuberculosis.by/,Tuberculosis
56,Tuberculosis-57,PNG,512*512,http://tuberculosis.by/,Tuberculosis
57,Tuberculosis-58,PNG,512*512,http://tuberculosis.by/,Tuberculosis
58,Tuberculosis-59,PNG,512*512,http://tuberculosis.by/,Tuberculosis
59,Tuberculosis-60,PNG,512*512,http://tuberculosis.by/,Tuberculosis
60,Tuberculosis-61,PNG,512*512,http://tuberculosis.by/,Tuberculosis
61,Tuberculosis-62,PNG,512*512,http://tuberculosis.by/,Tuberculosis
62,Tuberculosis-63,PNG,512*512,http://tuberculosis.by/,Tuberculosis
63,Tuberculosis-64,PNG,512*512,http://tuberculosis.by/,Tuberculosis
64,Tuberculosis-65,PNG,512*512,http://tuberculosis.by/,Tuberculosis
65,Tuberculosis-66,PNG,512*512,http://tuberculosis.by/,Tuberculosis
66,Tuberculosis-67,PNG,512*512,http://tuberculosis.by/,Tuberculosis
67,Tuberculosis-68,PNG,512*512,http://tuberculosis.by/,Tuberculosis
68,Tuberculosis-69,PNG,512*512,http://tuberculosis.by/,Tuberculosis
69,Tuberculosis-70,PNG,512*512,http://tuberculosis.by/,Tuberculosis
70,Tuberculosis-71,PNG,512*512,http://tuberculosis.by/,Tuberculosis
71,Tuberculosis-72,PNG,512*512,http://tuberculosis.by/,Tuberculosis
72,Tuberculosis-73,PNG,512*512,http://tuberculosis.by/,Tuberculosis
73,Tuberculosis-74,PNG,512*512,http://tuberculosis.by/,Tuberculosis
74,Tuberculosis-75,PNG,512*512,http://tuberculosis.by/,Tuberculosis
75,Tuberculosis-76,PNG,512*512,http://tuberculosis.by/,Tuberculosis
76,Tuberculosis-77,PNG,512*512,http://tuberculosis.by/,Tuberculosis
77,Tuberculosis-78,PNG,512*512,http://tuberculosis.by/,Tuberculosis
78,Tuberculosis-79,PNG,512*512,http://tuberculosis.by/,Tuberculosis
79,Tuberculosis-80,PNG,512*512,http://tuberculosis.by/,Tuberculosis
80,Tuberculosis-81,PNG,512*512,http://tuberculosis.by/,Tuberculosis
81,Tuberculosis-82,PNG,512*512,http://tuberculosis.by/,Tuberculosis
82,Tuberculosis-83,PNG,512*512,http://tuberculosis.by/,Tuberculosis
83,Tuberculosis-84,PNG,512*512,http://tuberculosis.by/,Tuberculosis
84,Tuberculosis-85,PNG,512*512,http://tuberculosis.by/,Tuberculosis
85,Tuberculosis-86,PNG,512*512,http://tuberculosis.by/,Tuberculosis
86,Tuberculosis-87,PNG,512*512,http://tuberculosis.by/,Tuberculosis
87,Tuberculosis-88,PNG,512*512,http://tuberculosis.by/,Tuberculosis
88,Tuberculosis-89,PNG,512*512,http://tuberculosis.by/,Tuberculosis
89,Tuberculosis-90,PNG,512*512,http://tuberculosis.by/,Tuberculosis
90,Tuberculosis-91,PNG,512*512,http://tuberculosis.by/,Tuberculosis
91,Tuberculosis-92,PNG,512*512,http://tuberculosis.by/,Tuberculosis
92,Tuberculosis-93,PNG,512*512,http://tuberculosis.by/,Tuberculosis
93,Tuberculosis-94,PNG,512*512,http://tuberculosis.by/,Tuberculosis
94,Tuberculosis-95,PNG,512*512,http://tuberculosis.by/,Tuberculosis
95,Tuberculosis-96,PNG,512*512,http://tuberculosis.by/,Tuberculosis
96,Tuberculosis-97,PNG,512*512,http://tuberculosis.by/,Tuberculosis
97,Tuberculosis-98,PNG,512*512,http://tuberculosis.by/,Tuberculosis
98,Tuberculosis-99,PNG,512*512,http://tuberculosis.by/,Tuberculosis
99,Tuberculosis-100,PNG,512*512,http://tuberculosis.by/,Tuberculosis
100,Tuberculosis-101,PNG,512*512,http://tuberculosis.by/,Tuberculosis
101,Tuberculosis-102,PNG,512*512,http://tuberculosis.by/,Tuberculosis
102,Tuberculosis-103,PNG,512*512,http://tuberculosis.by/,Tuberculosis
103,Tuberculosis-104,PNG,512*512,http://tuberculosis.by/,Tuberculosis
104,Tuberculosis-105,PNG,512*512,http://tuberculosis.by/,Tuberculosis
105,Tuberculosis-106,PNG,512*512,http://tuberculosis.by/,Tuberculosis
106,Tuberculosis-107,PNG,512*512,http://tuberculosis.by/,Tuberculosis
107,Tuberculosis-108,PNG,512*512,http://tuberculosis.by/,Tuberculosis
108,Tuberculosis-109,PNG,512*512,http://tuberculosis.by/,Tuberculosis
109,Tuberculosis-110,PNG,512*512,http://tuberculosis.by/,Tuberculosis
110,Tuberculosis-111,PNG,512*512,http://tuberculosis.by/,Tuberculosis
111,Tuberculosis-112,PNG,512*512,http://tuberculosis.by/,Tuberculosis
112,Tuberculosis-113,PNG,512*512,http://tuberculosis.by/,Tuberculosis
113,Tuberculosis-114,PNG,512*512,http://tuberculosis.by/,Tuberculosis
114,Tuberculosis-115,PNG,512*512,http://tuberculosis.by/,Tuberculosis
115,Tuberculosis-116,PNG,512*512,http://tuberculosis.by/,Tuberculosis
116,Tuberculosis-117,PNG,512*512,http://tuberculosis.by/,Tuberculosis
117,Tuberculosis-118,PNG,512*512,http://tuberculosis.by/,Tuberculosis
118,Tuberculosis-119,PNG,512*512,http://tuberculosis.by/,Tuberculosis
119,Tuberculosis-120,PNG,512*512,http://tuberculosis.by/,Tuberculosis
120,Tuberculosis-121,PNG,512*512,http://tuberculosis.by/,Tuberculosis
121,Tuberculosis-122,PNG,512*512,http://tuberculosis.by/,Tuberculosis
122,Tuberculosis-123,PNG,512*512,http://tuberculosis.by/,Tuberculosis
123,Tuberculosis-124,PNG,512*512,http://tuberculosis.by/,Tuberculosis
124,Tuberculosis-125,PNG,512*512,http://tuberculosis.by/,Tuberculosis
125,Tuberculosis-126,PNG,512*512,http://tuberculosis.by/,Tuberculosis
126,Tuberculosis-127,PNG,512*512,http://tuberculosis.by/,Tuberculosis
127,Tuberculosis-128,PNG,512*512,http://tuberculosis.by/,Tuberculosis
128,Tuberculosis-129,PNG,512*512,http://tuberculosis.by/,Tuberculosis
129,Tuberculosis-130,PNG,512*512,http://tuberculosis.by/,Tuberculosis
130,Tuberculosis-131,PNG,512*512,http://tuberculosis.by/,Tuberculosis
131,Tuberculosis-132,PNG,512*512,http://tuberculosis.by/,Tuberculosis
132,Tuberculosis-133,PNG,512*512,http://tuberculosis.by/,Tuberculosis
133,Tuberculosis-134,PNG,512*512,http://tuberculosis.by/,Tuberculosis
134,Tuberculosis-135,PNG,512*512,http://tuberculosis.by/,Tuberculosis
135,Tuberculosis-136,PNG,512*512,http://tuberculosis.by/,Tuberculosis
136,Tuberculosis-137,PNG,512*512,http://tuberculosis.by/,Tuberculosis
137,Tuberculosis-138,PNG,512*512,http://tuberculosis.by/,Tuberculosis
138,Tuberculosis-139,PNG,512*512,http://tuberculosis.by/,Tuberculosis
139,Tuberculosis-140,PNG,512*512,http://tuberculosis.by/,Tuberculosis
140,Tuberculosis-141,PNG,512*512,http://tuberculosis.by/,Tuberculosis
141,Tuberculosis-142,PNG,512*512,http://tuberculosis.by/,Tuberculosis
142,Tuberculosis-143,PNG,512*512,http://tuberculosis.by/,Tuberculosis
143,Tuberculosis-144,PNG,512*512,http://tuberculosis.by/,Tuberculosis
144,Tuberculosis-145,PNG,512*512,http://tuberculosis.by/,Tuberculosis
145,Tuberculosis-146,PNG,512*512,http://tuberculosis.by/,Tuberculosis
146,Tuberculosis-147,PNG,512*512,http://tuberculosis.by/,Tuberculosis
147,Tuberculosis-148,PNG,512*512,http://tuberculosis.by/,Tuberculosis
148,Tuberculosis-149,PNG,512*512,http://tuberculosis.by/,Tuberculosis
149,Tuberculosis-150,PNG,512*512,http://tuberculosis.by/,Tuberculosis
150,Tuberculosis-151,PNG,512*512,http://tuberculosis.by/,Tuberculosis
151,Tuberculosis-152,PNG,512*512,http://tuberculosis.by/,Tuberculosis
152,Tuberculosis-153,PNG,512*512,http://tuberculosis.by/,Tuberculosis
153,Tuberculosis-154,PNG,512*512,http://tuberculosis.by/,Tuberculosis
154,Tuberculosis-155,PNG,512*512,http://tuberculosis.by/,Tuberculosis
155,Tuberculosis-156,PNG,512*512,http://tuberculosis.by/,Tuberculosis
156,Tuberculosis-157,PNG,512*512,http://tuberculosis.by/,Tuberculosis
157,Tuberculosis-158,PNG,512*512,http://tuberculosis.by/,Tuberculosis
158,Tuberculosis-159,PNG,512*512,http://tuberculosis.by/,Tuberculosis
159,Tuberculosis-160,PNG,512*512,http://tuberculosis.by/,Tuberculosis
160,Tuberculosis-161,PNG,512*512,http://tuberculosis.by/,Tuberculosis
161,Tuberculosis-162,PNG,512*512,http://tuberculosis.by/,Tuberculosis
162,Tuberculosis-163,PNG,512*512,http://tuberculosis.by/,Tuberculosis
163,Tuberculosis-164,PNG,512*512,http://tuberculosis.by/,Tuberculosis
164,Tuberculosis-165,PNG,512*512,http://tuberculosis.by/,Tuberculosis
165,Tuberculosis-166,PNG,512*512,http://tuberculosis.by/,Tuberculosis
166,Tuberculosis-167,PNG,512*512,http://tuberculosis.by/,Tuberculosis
167,Tuberculosis-168,PNG,512*512,http://tuberculosis.by/,Tuberculosis
168,Tuberculosis-169,PNG,512*512,http://tuberculosis.by/,Tuberculosis
169,Tuberculosis-170,PNG,512*512,http://tuberculosis.by/,Tuberculosis
170,Tuberculosis-171,PNG,512*512,http://tuberculosis.by/,Tuberculosis
171,Tuberculosis-172,PNG,512*512,http://tuberculosis.by/,Tuberculosis
172,Tuberculosis-173,PNG,512*512,http://tuberculosis.by/,Tuberculosis
173,Tuberculosis-174,PNG,512*512,http://tuberculosis.by/,Tuberculosis
174,Tuberculosis-175,PNG,512*512,http://tuberculosis.by/,Tuberculosis
175,Tuberculosis-176,PNG,512*512,http://tuberculosis.by/,Tuberculosis
176,Tuberculosis-177,PNG,512*512,http://tuberculosis.by/,Tuberculosis
177,Tuberculosis-178,PNG,512*512,http://tuberculosis.by/,Tuberculosis
178,Tuberculosis-179,PNG,512*512,http://tuberculosis.by/,Tuberculosis
179,Tuberculosis-180,PNG,512*512,http://tuberculosis.by/,Tuberculosis
180,Tuberculosis-181,PNG,512*512,http://tuberculosis.by/,Tuberculosis
181,Tuberculosis-182,PNG,512*512,http://tuberculosis.by/,Tuberculosis
182,Tuberculosis-183,PNG,512*512,http://tuberculosis.by/,Tuberculosis
183,Tuberculosis-184,PNG,512*512,http://tuberculosis.by/,Tuberculosis
184,Tuberculosis-185,PNG,512*512,http://tuberculosis.by/,Tuberculosis
185,Tuberculosis-186,PNG,512*512,http://tuberculosis.by/,Tuberculosis
186,Tuberculosis-187,PNG,512*512,http://tuberculosis.by/,Tuberculosis
187,Tuberculosis-188,PNG,512*512,http://tuberculosis.by/,Tuberculosis
188,Tuberculosis-189,PNG,512*512,http://tuberculosis.by/,Tuberculosis
189,Tuberculosis-190,PNG,512*512,http://tuberculosis.by/,Tuberculosis
190,Tuberculosis-191,PNG,512*512,http://tuberculosis.by/,Tuberculosis
191,Tuberculosis-192,PNG,512*512,http://tuberculosis.by/,Tuberculosis
192,Tuberculosis-193,PNG,512*512,http://tuberculosis.by/,Tuberculosis
193,Tuberculosis-194,PNG,512*512,http://tuberculosis.by/,Tuberculosis
194,Tuberculosis-195,PNG,512*512,http://tuberculosis.by/,Tuberculosis
195,Tuberculosis-196,PNG,512*512,http://tuberculosis.by/,Tuberculosis
196,Tuberculosis-197,PNG,512*512,http://tuberculosis.by/,Tuberculosis
197,Tuberculosis-198,PNG,512*512,http://tuberculosis.by/,Tuberculosis
198,Tuberculosis-199,PNG,512*512,http://tuberculosis.by/,Tuberculosis
199,Tuberculosis-200,PNG,512*512,http://tuberculosis.by/,Tuberculosis
200,Tuberculosis-201,PNG,512*512,http://tuberculosis.by/,Tuberculosis
201,Tuberculosis-202,PNG,512*512,http://tuberculosis.by/,Tuberculosis
202,Tuberculosis-203,PNG,512*512,http://tuberculosis.by/,Tuberculosis
203,Tuberculosis-204,PNG,512*512,http://tuberculosis.by/,Tuberculosis
204,Tuberculosis-205,PNG,512*512,http://tuberculosis.by/,Tuberculosis
205,Tuberculosis-206,PNG,512*512,http://tuberculosis.by/,Tuberculosis
206,Tuberculosis-207,PNG,512*512,http://tuberculosis.by/,Tuberculosis
207,Tuberculosis-208,PNG,512*512,http://tuberculosis.by/,Tuberculosis
208,Tuberculosis-209,PNG,512*512,http://tuberculosis.by/,Tuberculosis
209,Tuberculosis-210,PNG,512*512,http://tuberculosis.by/,Tuberculosis
210,Tuberculosis-211,PNG,512*512,http://tuberculosis.by/,Tuberculosis
211,Tuberculosis-212,PNG,512*512,http://tuberculosis.by/,Tuberculosis
212,Tuberculosis-213,PNG,512*512,http://tuberculosis.by/,Tuberculosis
213,Tuberculosis-214,PNG,512*512,http://tuberculosis.by/,Tuberculosis
214,Tuberculosis-215,PNG,512*512,http://tuberculosis.by/,Tuberculosis
215,Tuberculosis-216,PNG,512*512,http://tuberculosis.by/,Tuberculosis
216,Tuberculosis-217,PNG,512*512,http://tuberculosis.by/,Tuberculosis
217,Tuberculosis-218,PNG,512*512,http://tuberculosis.by/,Tuberculosis
218,Tuberculosis-219,PNG,512*512,http://tuberculosis.by/,Tuberculosis
219,Tuberculosis-220,PNG,512*512,http://tuberculosis.by/,Tuberculosis
220,Tuberculosis-221,PNG,512*512,http://tuberculosis.by/,Tuberculosis
221,Tuberculosis-222,PNG,512*512,http://tuberculosis.by/,Tuberculosis
222,Tuberculosis-223,PNG,512*512,http://tuberculosis.by/,Tuberculosis
223,Tuberculosis-224,PNG,512*512,http://tuberculosis.by/,Tuberculosis
224,Tuberculosis-225,PNG,512*512,http://tuberculosis.by/,Tuberculosis
225,Tuberculosis-226,PNG,512*512,http://tuberculosis.by/,Tuberculosis
226,Tuberculosis-227,PNG,512*512,http://tuberculosis.by/,Tuberculosis
227,Tuberculosis-228,PNG,512*512,http://tuberculosis.by/,Tuberculosis
228,Tuberculosis-229,PNG,512*512,http://tuberculosis.by/,Tuberculosis
229,Tuberculosis-230,PNG,512*512,http://tuberculosis.by/,Tuberculosis
230,Tuberculosis-231,PNG,512*512,http://tuberculosis.by/,Tuberculosis
231,Tuberculosis-232,PNG,512*512,http://tuberculosis.by/,Tuberculosis
232,Tuberculosis-233,PNG,512*512,http://tuberculosis.by/,Tuberculosis
233,Tuberculosis-234,PNG,512*512,http://tuberculosis.by/,Tuberculosis
234,Tuberculosis-235,PNG,512*512,http://tuberculosis.by/,Tuberculosis
235,Tuberculosis-236,PNG,512*512,http://tuberculosis.by/,Tuberculosis
236,Tuberculosis-237,PNG,512*512,http://tuberculosis.by/,Tuberculosis
237,Tuberculosis-238,PNG,512*512,http://tuberculosis.by/,Tuberculosis
238,Tuberculosis-239,PNG,512*512,http://tuberculosis.by/,Tuberculosis
239,Tuberculosis-240,PNG,512*512,http://tuberculosis.by/,Tuberculosis
240,Tuberculosis-241,PNG,512*512,http://tuberculosis.by/,Tuberculosis
241,Tuberculosis-242,PNG,512*512,http://tuberculosis.by/,Tuberculosis
242,Tuberculosis-243,PNG,512*512,http://tuberculosis.by/,Tuberculosis
243,Tuberculosis-244,PNG,512*512,http://tuberculosis.by/,Tuberculosis
244,Tuberculosis-245,PNG,512*512,http://tuberculosis.by/,Tuberculosis
245,Tuberculosis-246,PNG,512*512,http://tuberculosis.by/,Tuberculosis
246,Tuberculosis-247,PNG,512*512,http://tuberculosis.by/,Tuberculosis
247,Tuberculosis-248,PNG,512*512,http://tuberculosis.by/,Tuberculosis
248,Tuberculosis-249,PNG,512*512,http://tuberculosis.by/,Tuberculosis
249,Tuberculosis-250,PNG,512*512,http://tuberculosis.by/,Tuberculosis
250,Tuberculosis-251,PNG,512*512,http://tuberculosis.by/,Tuberculosis
251,Tuberculosis-252,PNG,512*512,http://tuberculosis.by/,Tuberculosis
252,Tuberculosis-253,PNG,512*512,http://tuberculosis.by/,Tuberculosis
253,Tuberculosis-254,PNG,512*512,http://tuberculosis.by/,Tuberculosis
254,Tuberculosis-255,PNG,512*512,http://tuberculosis.by/,Tuberculosis
255,Tuberculosis-256,PNG,512*512,http://tuberculosis.by/,Tuberculosis
256,Tuberculosis-257,PNG,512*512,http://tuberculosis.by/,Tuberculosis
257,Tuberculosis-258,PNG,512*512,http://tuberculosis.by/,Tuberculosis
258,Tuberculosis-259,PNG,512*512,http://tuberculosis.by/,Tuberculosis
259,Tuberculosis-260,PNG,512*512,http://tuberculosis.by/,Tuberculosis
260,Tuberculosis-261,PNG,512*512,http://tuberculosis.by/,Tuberculosis
261,Tuberculosis-262,PNG,512*512,http://tuberculosis.by/,Tuberculosis
262,Tuberculosis-263,PNG,512*512,http://tuberculosis.by/,Tuberculosis
263,Tuberculosis-264,PNG,512*512,http://tuberculosis.by/,Tuberculosis
264,Tuberculosis-265,PNG,512*512,http://tuberculosis.by/,Tuberculosis
265,Tuberculosis-266,PNG,512*512,http://tuberculosis.by/,Tuberculosis
266,Tuberculosis-267,PNG,512*512,http://tuberculosis.by/,Tuberculosis
267,Tuberculosis-268,PNG,512*512,http://tuberculosis.by/,Tuberculosis
268,Tuberculosis-269,PNG,512*512,http://tuberculosis.by/,Tuberculosis
269,Tuberculosis-270,PNG,512*512,http://tuberculosis.by/,Tuberculosis
270,Tuberculosis-271,PNG,512*512,http://tuberculosis.by/,Tuberculosis
271,Tuberculosis-272,PNG,512*512,http://tuberculosis.by/,Tuberculosis
272,Tuberculosis-273,PNG,512*512,http://tuberculosis.by/,Tuberculosis
273,Tuberculosis-274,PNG,512*512,http://tuberculosis.by/,Tuberculosis
274,Tuberculosis-275,PNG,512*512,http://tuberculosis.by/,Tuberculosis
275,Tuberculosis-276,PNG,512*512,http://tuberculosis.by/,Tuberculosis
276,Tuberculosis-277,PNG,512*512,http://tuberculosis.by/,Tuberculosis
277,Tuberculosis-278,PNG,512*512,http://tuberculosis.by/,Tuberculosis
278,Tuberculosis-279,PNG,512*512,http://tuberculosis.by/,Tuberculosis
279,Tuberculosis-280,PNG,512*512,http://tuberculosis.by/,Tuberculosis
280,Tuberculosis-281,PNG,512*512,http://tuberculosis.by/,Tuberculosis
281,Tuberculosis-282,PNG,512*512,http://tuberculosis.by/,Tuberculosis
282,Tuberculosis-283,PNG,512*512,http://tuberculosis.by/,Tuberculosis
283,Tuberculosis-284,PNG,512*512,http://tuberculosis.by/,Tuberculosis
284,Tuberculosis-285,PNG,512*512,http://tuberculosis.by/,Tuberculosis
285,Tuberculosis-286,PNG,512*512,http://tuberculosis.by/,Tuberculosis
286,Tuberculosis-287,PNG,512*512,http://tuberculosis.by/,Tuberculosis
287,Tuberculosis-288,PNG,512*512,http://tuberculosis.by/,Tuberculosis
288,Tuberculosis-289,PNG,512*512,http://tuberculosis.by/,Tuberculosis
289,Tuberculosis-290,PNG,512*512,http://tuberculosis.by/,Tuberculosis
290,Tuberculosis-291,PNG,512*512,http://tuberculosis.by/,Tuberculosis
291,Tuberculosis-292,PNG,512*512,http://tuberculosis.by/,Tuberculosis
292,Tuberculosis-293,PNG,512*512,http://tuberculosis.by/,Tuberculosis
293,Tuberculosis-294,PNG,512*512,http://tuberculosis.by/,Tuberculosis
294,Tuberculosis-295,PNG,512*512,http://tuberculosis.by/,Tuberculosis
295,Tuberculosis-296,PNG,512*512,http://tuberculosis.by/,Tuberculosis
296,Tuberculosis-297,PNG,512*512,http://tuberculosis.by/,Tuberculosis
297,Tuberculosis-298,PNG,512*512,http://tuberculosis.by/,Tuberculosis
298,Tuberculosis-299,PNG,512*512,http://tuberculosis.by/,Tuberculosis
299,Tuberculosis-300,PNG,512*512,http://tuberculosis.by/,Tuberculosis
300,Tuberculosis-301,PNG,512*512,http://tuberculosis.by/,Tuberculosis
301,Tuberculosis-302,PNG,512*512,http://tuberculosis.by/,Tuberculosis
302,Tuberculosis-303,PNG,512*512,http://tuberculosis.by/,Tuberculosis
303,Tuberculosis-304,PNG,512*512,http://tuberculosis.by/,Tuberculosis
304,Tuberculosis-305,PNG,512*512,http://tuberculosis.by/,Tuberculosis
305,Tuberculosis-306,PNG,512*512,http://tuberculosis.by/,Tuberculosis
306,Tuberculosis-307,PNG,512*512,https://www.ncbi.nlm.nih.gov/pmc/articles/PMC4256233/,Tuberculosis
307,Tuberculosis-308,PNG,512*512,https://www.ncbi.nlm.nih.gov/pmc/articles/PMC4256233/,Tuberculosis
308,Tuberculosis-309,PNG,512*512,https://www.ncbi.nlm.nih.gov/pmc/articles/PMC4256233/,Tuberculosis
309,Tuberculosis-310,PNG,512*512,https://www.ncbi.nlm.nih.gov/pmc/articles/PMC4256233/,Tuberculosis
310,Tuberculosis-311,PNG,512*512,https://www.ncbi.nlm.nih.gov/pmc/articles/PMC4256233/,Tuberculosis
311,Tuberculosis-312,PNG,512*512,https://www.ncbi.nlm.nih.gov/pmc/articles/PMC4256233/,Tuberculosis
312,Tuberculosis-313,PNG,512*512,https://www.ncbi.nlm.nih.gov/pmc/articles/PMC4256233/,Tuberculosis
313,Tuberculosis-314,PNG,512*512,https://www.ncbi.nlm.nih.gov/pmc/articles/PMC4256233/,Tuberculosis
314,Tuberculosis-315,PNG,512*512,https://www.ncbi.nlm.nih.gov/pmc/articles/PMC4256233/,Tuberculosis
315,Tuberculosis-316,PNG,512*512,https://www.ncbi.nlm.nih.gov/pmc/articles/PMC4256233/,Tuberculosis
316,Tuberculosis-317,PNG,512*512,https://www.ncbi.nlm.nih.gov/pmc/articles/PMC4256233/,Tuberculosis
317,Tuberculosis-318,PNG,512*512,https://www.ncbi.nlm.nih.gov/pmc/articles/PMC4256233/,Tuberculosis
318,Tuberculosis-319,PNG,512*512,https://www.ncbi.nlm.nih.gov/pmc/articles/PMC4256233/,Tuberculosis
319,Tuberculosis-320,PNG,512*512,https://www.ncbi.nlm.nih.gov/pmc/articles/PMC4256233/,Tuberculosis
320,Tuberculosis-321,PNG,512*512,https://www.ncbi.nlm.nih.gov/pmc/articles/PMC4256233/,Tuberculosis
321,Tuberculosis-322,PNG,512*512,https://www.ncbi.nlm.nih.gov/pmc/articles/PMC4256233/,Tuberculosis
322,Tuberculosis-323,PNG,512*512,https://www.ncbi.nlm.nih.gov/pmc/articles/PMC4256233/,Tuberculosis
323,Tuberculosis-324,PNG,512*512,https://www.ncbi.nlm.nih.gov/pmc/articles/PMC4256233/,Tuberculosis
324,Tuberculosis-325,PNG,512*512,https://www.ncbi.nlm.nih.gov/pmc/articles/PMC4256233/,Tuberculosis
325,Tuberculosis-326,PNG,512*512,https://www.ncbi.nlm.nih.gov/pmc/articles/PMC4256233/,Tuberculosis
326,Tuberculosis-327,PNG,512*512,https://www.ncbi.nlm.nih.gov/pmc/articles/PMC4256233/,Tuberculosis
327,Tuberculosis-328,PNG,512*512,https://www.ncbi.nlm.nih.gov/pmc/articles/PMC4256233/,Tuberculosis
328,Tuberculosis-329,PNG,512*512,https://www.ncbi.nlm.nih.gov/pmc/articles/PMC4256233/,Tuberculosis
329,Tuberculosis-330,PNG,512*512,https://www.ncbi.nlm.nih.gov/pmc/articles/PMC4256233/,Tuberculosis
330,Tuberculosis-331,PNG,512*512,https://www.ncbi.nlm.nih.gov/pmc/articles/PMC4256233/,Tuberculosis
331,Tuberculosis-332,PNG,512*512,https://www.ncbi.nlm.nih.gov/pmc/articles/PMC4256233/,Tuberculosis
332,Tuberculosis-333,PNG,512*512,https://www.ncbi.nlm.nih.gov/pmc/articles/PMC4256233/,Tuberculosis
333,Tuberculosis-334,PNG,512*512,https://www.ncbi.nlm.nih.gov/pmc/articles/PMC4256233/,Tuberculosis
334,Tuberculosis-335,PNG,512*512,https://www.ncbi.nlm.nih.gov/pmc/articles/PMC4256233/,Tuberculosis
335,Tuberculosis-336,PNG,512*512,https://www.ncbi.nlm.nih.gov/pmc/articles/PMC4256233/,Tuberculosis
336,Tuberculosis-337,PNG,512*512,https://www.ncbi.nlm.nih.gov/pmc/articles/PMC4256233/,Tuberculosis
337,Tuberculosis-338,PNG,512*512,https://www.ncbi.nlm.nih.gov/pmc/articles/PMC4256233/,Tuberculosis
338,Tuberculosis-339,PNG,512*512,https://www.ncbi.nlm.nih.gov/pmc/articles/PMC4256233/,Tuberculosis
339,Tuberculosis-340,PNG,512*512,https://www.ncbi.nlm.nih.gov/pmc/articles/PMC4256233/,Tuberculosis
340,Tuberculosis-341,PNG,512*512,https://www.ncbi.nlm.nih.gov/pmc/articles/PMC4256233/,Tuberculosis
341,Tuberculosis-342,PNG,512*512,https://www.ncbi.nlm.nih.gov/pmc/articles/PMC4256233/,Tuberculosis
342,Tuberculosis-343,PNG,512*512,https://www.ncbi.nlm.nih.gov/pmc/articles/PMC4256233/,Tuberculosis
343,Tuberculosis-344,PNG,512*512,https://www.ncbi.nlm.nih.gov/pmc/articles/PMC4256233/,Tuberculosis
344,Tuberculosis-345,PNG,512*512,https://www.ncbi.nlm.nih.gov/pmc/articles/PMC4256233/,Tuberculosis
345,Tuberculosis-346,PNG,512*512,https://www.ncbi.nlm.nih.gov/pmc/articles/PMC4256233/,Tuberculosis
346,Tuberculosis-347,PNG,512*512,https://www.ncbi.nlm.nih.gov/pmc/articles/PMC4256233/,Tuberculosis
347,Tuberculosis-348,PNG,512*512,https://www.ncbi.nlm.nih.gov/pmc/articles/PMC4256233/,Tuberculosis
348,Tuberculosis-349,PNG,512*512,https://www.ncbi.nlm.nih.gov/pmc/articles/PMC4256233/,Tuberculosis
349,Tuberculosis-350,PNG,512*512,https://www.ncbi.nlm.nih.gov/pmc/articles/PMC4256233/,Tuberculosis
350,Tuberculosis-351,PNG,512*512,https://www.ncbi.nlm.nih.gov/pmc/articles/PMC4256233/,Tuberculosis
351,Tuberculosis-352,PNG,512*512,https://www.ncbi.nlm.nih.gov/pmc/articles/PMC4256233/,Tuberculosis
352,Tuberculosis-353,PNG,512*512,https://www.ncbi.nlm.nih.gov/pmc/articles/PMC4256233/,Tuberculosis
353,Tuberculosis-354,PNG,512*512,https://www.ncbi.nlm.nih.gov/pmc/articles/PMC4256233/,Tuberculosis
354,Tuberculosis-355,PNG,512*512,https://www.ncbi.nlm.nih.gov/pmc/articles/PMC4256233/,Tuberculosis
355,Tuberculosis-356,PNG,512*512,https://www.ncbi.nlm.nih.gov/pmc/articles/PMC4256233/,Tuberculosis
356,Tuberculosis-357,PNG,512*512,https://www.ncbi.nlm.nih.gov/pmc/articles/PMC4256233/,Tuberculosis
357,Tuberculosis-358,PNG,512*512,https://www.ncbi.nlm.nih.gov/pmc/articles/PMC4256233/,Tuberculosis
358,Tuberculosis-359,PNG,512*512,https://www.ncbi.nlm.nih.gov/pmc/articles/PMC4256233/,Tuberculosis
359,Tuberculosis-360,PNG,512*512,https://www.ncbi.nlm.nih.gov/pmc/articles/PMC4256233/,Tuberculosis
360,Tuberculosis-361,PNG,512*512,https://www.ncbi.nlm.nih.gov/pmc/articles/PMC4256233/,Tuberculosis
361,Tuberculosis-362,PNG,512*512,https://www.ncbi.nlm.nih.gov/pmc/articles/PMC4256233/,Tuberculosis
362,Tuberculosis-363,PNG,512*512,https://www.ncbi.nlm.nih.gov/pmc/articles/PMC4256233/,Tuberculosis
363,Tuberculosis-364,PNG,512*512,https://www.ncbi.nlm.nih.gov/pmc/articles/PMC4256233/,Tuberculosis
364,Tuberculosis-365,PNG,512*512,https://www.ncbi.nlm.nih.gov/pmc/articles/PMC4256233/,Tuberculosis
365,Tuberculosis-366,PNG,512*512,https://www.ncbi.nlm.nih.gov/pmc/articles/PMC4256233/,Tuberculosis
366,Tuberculosis-367,PNG,512*512,https://www.ncbi.nlm.nih.gov/pmc/articles/PMC4256233/,Tuberculosis
367,Tuberculosis-368,PNG,512*512,https://www.ncbi.nlm.nih.gov/pmc/articles/PMC4256233/,Tuberculosis
368,Tuberculosis-369,PNG,512*512,https://www.ncbi.nlm.nih.gov/pmc/articles/PMC4256233/,Tuberculosis
369,Tuberculosis-370,PNG,512*512,https://www.ncbi.nlm.nih.gov/pmc/articles/PMC4256233/,Tuberculosis
370,Tuberculosis-371,PNG,512*512,https://www.ncbi.nlm.nih.gov/pmc/articles/PMC4256233/,Tuberculosis
371,Tuberculosis-372,PNG,512*512,https://www.ncbi.nlm.nih.gov/pmc/articles/PMC4256233/,Tuberculosis
372,Tuberculosis-373,PNG,512*512,https://www.ncbi.nlm.nih.gov/pmc/articles/PMC4256233/,Tuberculosis
373,Tuberculosis-374,PNG,512*512,https://www.ncbi.nlm.nih.gov/pmc/articles/PMC4256233/,Tuberculosis
374,Tuberculosis-375,PNG,512*512,https://www.ncbi.nlm.nih.gov/pmc/articles/PMC4256233/,Tuberculosis
375,Tuberculosis-376,PNG,512*512,https://www.ncbi.nlm.nih.gov/pmc/articles/PMC4256233/,Tuberculosis
376,Tuberculosis-377,PNG,512*512,https://www.ncbi.nlm.nih.gov/pmc/articles/PMC4256233/,Tuberculosis
377,Tuberculosis-378,PNG,512*512,https://www.ncbi.nlm.nih.gov/pmc/articles/PMC4256233/,Tuberculosis
378,Tuberculosis-379,PNG,512*512,https://www.ncbi.nlm.nih.gov/pmc/articles/PMC4256233/,Tuberculosis
379,Tuberculosis-380,PNG,512*512,https://www.ncbi.nlm.nih.gov/pmc/articles/PMC4256233/,Tuberculosis
380,Tuberculosis-381,PNG,512*512,https://www.ncbi.nlm.nih.gov/pmc/articles/PMC4256233/,Tuberculosis
381,Tuberculosis-382,PNG,512*512,https://www.ncbi.nlm.nih.gov/pmc/articles/PMC4256233/,Tuberculosis
382,Tuberculosis-383,PNG,512*512,https://www.ncbi.nlm.nih.gov/pmc/articles/PMC4256233/,Tuberculosis
383,Tuberculosis-384,PNG,512*512,https://www.ncbi.nlm.nih.gov/pmc/articles/PMC4256233/,Tuberculosis
384,Tuberculosis-385,PNG,512*512,https://www.ncbi.nlm.nih.gov/pmc/articles/PMC4256233/,Tuberculosis
385,Tuberculosis-386,PNG,512*512,https://www.ncbi.nlm.nih.gov/pmc/articles/PMC4256233/,Tuberculosis
386,Tuberculosis-387,PNG,512*512,https://www.ncbi.nlm.nih.gov/pmc/articles/PMC4256233/,Tuberculosis
387,Tuberculosis-388,PNG,512*512,https://www.ncbi.nlm.nih.gov/pmc/articles/PMC4256233/,Tuberculosis
388,Tuberculosis-389,PNG,512*512,https://www.ncbi.nlm.nih.gov/pmc/articles/PMC4256233/,Tuberculosis
389,Tuberculosis-390,PNG,512*512,https://www.ncbi.nlm.nih.gov/pmc/articles/PMC4256233/,Tuberculosis
390,Tuberculosis-391,PNG,512*512,https://www.ncbi.nlm.nih.gov/pmc/articles/PMC4256233/,Tuberculosis
391,Tuberculosis-392,PNG,512*512,https://www.ncbi.nlm.nih.gov/pmc/articles/PMC4256233/,Tuberculosis
392,Tuberculosis-393,PNG,512*512,https://www.ncbi.nlm.nih.gov/pmc/articles/PMC4256233/,Tuberculosis
393,Tuberculosis-394,PNG,512*512,https://www.ncbi.nlm.nih.gov/pmc/articles/PMC4256233/,Tuberculosis
394,Tuberculosis-395,PNG,512*512,https://www.ncbi.nlm.nih.gov/pmc/articles/PMC4256233/,Tuberculosis
395,Tuberculosis-396,PNG,512*512,https://www.ncbi.nlm.nih.gov/pmc/articles/PMC4256233/,Tuberculosis
396,Tuberculosis-397,PNG,512*512,https://www.ncbi.nlm.nih.gov/pmc/articles/PMC4256233/,Tuberculosis
397,Tuberculosis-398,PNG,512*512,https://www.ncbi.nlm.nih.gov/pmc/articles/PMC4256233/,Tuberculosis
398,Tuberculosis-399,PNG,512*512,https://www.ncbi.nlm.nih.gov/pmc/articles/PMC4256233/,Tuberculosis
399,Tuberculosis-400,PNG,512*512,https://www.ncbi.nlm.nih.gov/pmc/articles/PMC4256233/,Tuberculosis
400,Tuberculosis-401,PNG,512*512,https://www.ncbi.nlm.nih.gov/pmc/articles/PMC4256233/,Tuberculosis
401,Tuberculosis-402,PNG,512*512,https://www.ncbi.nlm.nih.gov/pmc/articles/PMC4256233/,Tuberculosis
402,Tuberculosis-403,PNG,512*512,https://www.ncbi.nlm.nih.gov/pmc/articles/PMC4256233/,Tuberculosis
403,Tuberculosis-404,PNG,512*512,https://www.ncbi.nlm.nih.gov/pmc/articles/PMC4256233/,Tuberculosis
404,Tuberculosis-405,PNG,512*512,https://www.ncbi.nlm.nih.gov/pmc/articles/PMC4256233/,Tuberculosis
405,Tuberculosis-406,PNG,512*512,https://www.ncbi.nlm.nih.gov/pmc/articles/PMC4256233/,Tuberculosis
406,Tuberculosis-407,PNG,512*512,https://www.ncbi.nlm.nih.gov/pmc/articles/PMC4256233/,Tuberculosis
407,Tuberculosis-408,PNG,512*512,https://www.ncbi.nlm.nih.gov/pmc/articles/PMC4256233/,Tuberculosis
408,Tuberculosis-409,PNG,512*512,https://www.ncbi.nlm.nih.gov/pmc/articles/PMC4256233/,Tuberculosis
409,Tuberculosis-410,PNG,512*512,https://www.ncbi.nlm.nih.gov/pmc/articles/PMC4256233/,Tuberculosis
410,Tuberculosis-411,PNG,512*512,https://www.ncbi.nlm.nih.gov/pmc/articles/PMC4256233/,Tuberculosis
411,Tuberculosis-412,PNG,512*512,https://www.ncbi.nlm.nih.gov/pmc/articles/PMC4256233/,Tuberculosis
412,Tuberculosis-413,PNG,512*512,https://www.ncbi.nlm.nih.gov/pmc/articles/PMC4256233/,Tuberculosis
413,Tuberculosis-414,PNG,512*512,https://www.ncbi.nlm.nih.gov/pmc/articles/PMC4256233/,Tuberculosis
414,Tuberculosis-415,PNG,512*512,https://www.ncbi.nlm.nih.gov/pmc/articles/PMC4256233/,Tuberculosis
415,Tuberculosis-416,PNG,512*512,https://www.ncbi.nlm.nih.gov/pmc/articles/PMC4256233/,Tuberculosis
416,Tuberculosis-417,PNG,512*512,https://www.ncbi.nlm.nih.gov/pmc/articles/PMC4256233/,Tuberculosis
417,Tuberculosis-418,PNG,512*512,https://www.ncbi.nlm.nih.gov/pmc/articles/PMC4256233/,Tuberculosis
418,Tuberculosis-419,PNG,512*512,https://www.ncbi.nlm.nih.gov/pmc/articles/PMC4256233/,Tuberculosis
419,Tuberculosis-420,PNG,512*512,https://www.ncbi.nlm.nih.gov/pmc/articles/PMC4256233/,Tuberculosis
420,Tuberculosis-421,PNG,512*512,https://www.ncbi.nlm.nih.gov/pmc/articles/PMC4256233/,Tuberculosis
421,Tuberculosis-422,PNG,512*512,https://www.ncbi.nlm.nih.gov/pmc/articles/PMC4256233/,Tuberculosis
422,Tuberculosis-423,PNG,512*512,https://www.ncbi.nlm.nih.gov/pmc/articles/PMC4256233/,Tuberculosis
423,Tuberculosis-424,PNG,512*512,https://www.ncbi.nlm.nih.gov/pmc/articles/PMC4256233/,Tuberculosis
424,Tuberculosis-425,PNG,512*512,https://www.ncbi.nlm.nih.gov/pmc/articles/PMC4256233/,Tuberculosis
425,Tuberculosis-426,PNG,512*512,https://www.ncbi.nlm.nih.gov/pmc/articles/PMC4256233/,Tuberculosis
426,Tuberculosis-427,PNG,512*512,https://www.ncbi.nlm.nih.gov/pmc/articles/PMC4256233/,Tuberculosis
427,Tuberculosis-428,PNG,512*512,https://www.ncbi.nlm.nih.gov/pmc/articles/PMC4256233/,Tuberculosis
428,Tuberculosis-429,PNG,512*512,https://www.ncbi.nlm.nih.gov/pmc/articles/PMC4256233/,Tuberculosis
429,Tuberculosis-430,PNG,512*512,https://www.ncbi.nlm.nih.gov/pmc/articles/PMC4256233/,Tuberculosis
430,Tuberculosis-431,PNG,512*512,https://www.ncbi.nlm.nih.gov/pmc/articles/PMC4256233/,Tuberculosis
431,Tuberculosis-432,PNG,512*512,https://www.ncbi.nlm.nih.gov/pmc/articles/PMC4256233/,Tuberculosis
432,Tuberculosis-433,PNG,512*512,https://www.ncbi.nlm.nih.gov/pmc/articles/PMC4256233/,Tuberculosis
433,Tuberculosis-434,PNG,512*512,https://www.ncbi.nlm.nih.gov/pmc/articles/PMC4256233/,Tuberculosis
434,Tuberculosis-435,PNG,512*512,https://www.ncbi.nlm.nih.gov/pmc/articles/PMC4256233/,Tuberculosis
435,Tuberculosis-436,PNG,512*512,https://www.ncbi.nlm.nih.gov/pmc/articles/PMC4256233/,Tuberculosis
436,Tuberculosis-437,PNG,512*512,https://www.ncbi.nlm.nih.gov/pmc/articles/PMC4256233/,Tuberculosis
437,Tuberculosis-438,PNG,512*512,https://www.ncbi.nlm.nih.gov/pmc/articles/PMC4256233/,Tuberculosis
438,Tuberculosis-439,PNG,512*512,https://www.ncbi.nlm.nih.gov/pmc/articles/PMC4256233/,Tuberculosis
439,Tuberculosis-440,PNG,512*512,https://www.ncbi.nlm.nih.gov/pmc/articles/PMC4256233/,Tuberculosis
440,Tuberculosis-441,PNG,512*512,https://www.ncbi.nlm.nih.gov/pmc/articles/PMC4256233/,Tuberculosis
441,Tuberculosis-442,PNG,512*512,https://www.ncbi.nlm.nih.gov/pmc/articles/PMC4256233/,Tuberculosis
442,Tuberculosis-443,PNG,512*512,https://www.ncbi.nlm.nih.gov/pmc/articles/PMC4256233/,Tuberculosis
443,Tuberculosis-444,PNG,512*512,https://www.ncbi.nlm.nih.gov/pmc/articles/PMC4256233/,Tuberculosis
444,Tuberculosis-445,PNG,512*512,https://www.ncbi.nlm.nih.gov/pmc/articles/PMC4256233/,Tuberculosis
445,Tuberculosis-446,PNG,512*512,https://www.ncbi.nlm.nih.gov/pmc/articles/PMC4256233/,Tuberculosis
446,Tuberculosis-447,PNG,512*512,https://www.ncbi.nlm.nih.gov/pmc/articles/PMC4256233/,Tuberculosis
447,Tuberculosis-448,PNG,512*512,https://www.ncbi.nlm.nih.gov/pmc/articles/PMC4256233/,Tuberculosis
448,Tuberculosis-449,PNG,512*512,https://www.ncbi.nlm.nih.gov/pmc/articles/PMC4256233/,Tuberculosis
449,Tuberculosis-450,PNG,512*512,https://www.ncbi.nlm.nih.gov/pmc/articles/PMC4256233/,Tuberculosis
450,Tuberculosis-451,PNG,512*512,https://www.ncbi.nlm.nih.gov/pmc/articles/PMC4256233/,Tuberculosis
451,Tuberculosis-452,PNG,512*512,https://www.ncbi.nlm.nih.gov/pmc/articles/PMC4256233/,Tuberculosis
452,Tuberculosis-453,PNG,512*512,https://www.ncbi.nlm.nih.gov/pmc/articles/PMC4256233/,Tuberculosis
453,Tuberculosis-454,PNG,512*512,https://www.ncbi.nlm.nih.gov/pmc/articles/PMC4256233/,Tuberculosis
454,Tuberculosis-455,PNG,512*512,https://www.ncbi.nlm.nih.gov/pmc/articles/PMC4256233/,Tuberculosis
455,Tuberculosis-456,PNG,512*512,https://www.ncbi.nlm.nih.gov/pmc/articles/PMC4256233/,Tuberculosis
456,Tuberculosis-457,PNG,512*512,https://www.ncbi.nlm.nih.gov/pmc/articles/PMC4256233/,Tuberculosis
457,Tuberculosis-458,PNG,512*512,https://www.ncbi.nlm.nih.gov/pmc/articles/PMC4256233/,Tuberculosis
458,Tuberculosis-459,PNG,512*512,https://www.ncbi.nlm.nih.gov/pmc/articles/PMC4256233/,Tuberculosis
459,Tuberculosis-460,PNG,512*512,https://www.ncbi.nlm.nih.gov/pmc/articles/PMC4256233/,Tuberculosis
460,Tuberculosis-461,PNG,512*512,https://www.ncbi.nlm.nih.gov/pmc/articles/PMC4256233/,Tuberculosis
461,Tuberculosis-462,PNG,512*512,https://www.ncbi.nlm.nih.gov/pmc/articles/PMC4256233/,Tuberculosis
462,Tuberculosis-463,PNG,512*512,https://www.ncbi.nlm.nih.gov/pmc/articles/PMC4256233/,Tuberculosis
463,Tuberculosis-464,PNG,512*512,https://www.ncbi.nlm.nih.gov/pmc/articles/PMC4256233/,Tuberculosis
464,Tuberculosis-465,PNG,512*512,https://www.ncbi.nlm.nih.gov/pmc/articles/PMC4256233/,Tuberculosis
465,Tuberculosis-466,PNG,512*512,https://www.ncbi.nlm.nih.gov/pmc/articles/PMC4256233/,Tuberculosis
466,Tuberculosis-467,PNG,512*512,https://www.ncbi.nlm.nih.gov/pmc/articles/PMC4256233/,Tuberculosis
467,Tuberculosis-468,PNG,512*512,https://www.ncbi.nlm.nih.gov/pmc/articles/PMC4256233/,Tuberculosis
468,Tuberculosis-469,PNG,512*512,https://www.ncbi.nlm.nih.gov/pmc/articles/PMC4256233/,Tuberculosis
469,Tuberculosis-470,PNG,512*512,https://www.ncbi.nlm.nih.gov/pmc/articles/PMC4256233/,Tuberculosis
470,Tuberculosis-471,PNG,512*512,https://www.ncbi.nlm.nih.gov/pmc/articles/PMC4256233/,Tuberculosis
471,Tuberculosis-472,PNG,512*512,https://www.ncbi.nlm.nih.gov/pmc/articles/PMC4256233/,Tuberculosis
472,Tuberculosis-473,PNG,512*512,https://www.ncbi.nlm.nih.gov/pmc/articles/PMC4256233/,Tuberculosis
473,Tuberculosis-474,PNG,512*512,https://www.ncbi.nlm.nih.gov/pmc/articles/PMC4256233/,Tuberculosis
474,Tuberculosis-475,PNG,512*512,https://www.ncbi.nlm.nih.gov/pmc/articles/PMC4256233/,Tuberculosis
475,Tuberculosis-476,PNG,512*512,https://www.ncbi.nlm.nih.gov/pmc/articles/PMC4256233/,Tuberculosis
476,Tuberculosis-477,PNG,512*512,https://www.ncbi.nlm.nih.gov/pmc/articles/PMC4256233/,Tuberculosis
477,Tuberculosis-478,PNG,512*512,https://www.ncbi.nlm.nih.gov/pmc/articles/PMC4256233/,Tuberculosis
478,Tuberculosis-479,PNG,512*512,https://www.ncbi.nlm.nih.gov/pmc/articles/PMC4256233/,Tuberculosis
479,Tuberculosis-480,PNG,512*512,https://www.ncbi.nlm.nih.gov/pmc/articles/PMC4256233/,Tuberculosis
480,Tuberculosis-481,PNG,512*512,https://www.ncbi.nlm.nih.gov/pmc/articles/PMC4256233/,Tuberculosis
481,Tuberculosis-482,PNG,512*512,https://www.ncbi.nlm.nih.gov/pmc/articles/PMC4256233/,Tuberculosis
482,Tuberculosis-483,PNG,512*512,https://www.ncbi.nlm.nih.gov/pmc/articles/PMC4256233/,Tuberculosis
483,Tuberculosis-484,PNG,512*512,https://www.ncbi.nlm.nih.gov/pmc/articles/PMC4256233/,Tuberculosis
484,Tuberculosis-485,PNG,512*512,https://www.ncbi.nlm.nih.gov/pmc/articles/PMC4256233/,Tuberculosis
485,Tuberculosis-486,PNG,512*512,https://www.ncbi.nlm.nih.gov/pmc/articles/PMC4256233/,Tuberculosis
486,Tuberculosis-487,PNG,512*512,https://www.ncbi.nlm.nih.gov/pmc/articles/PMC4256233/,Tuberculosis
487,Tuberculosis-488,PNG,512*512,https://www.ncbi.nlm.nih.gov/pmc/articles/PMC4256233/,Tuberculosis
488,Tuberculosis-489,PNG,512*512,https://www.ncbi.nlm.nih.gov/pmc/articles/PMC4256233/,Tuberculosis
489,Tuberculosis-490,PNG,512*512,https://www.ncbi.nlm.nih.gov/pmc/articles/PMC4256233/,Tuberculosis
490,Tuberculosis-491,PNG,512*512,https://www.ncbi.nlm.nih.gov/pmc/articles/PMC4256233/,Tuberculosis
491,Tuberculosis-492,PNG,512*512,https://www.ncbi.nlm.nih.gov/pmc/articles/PMC4256233/,Tuberculosis
492,Tuberculosis-493,PNG,512*512,https://www.ncbi.nlm.nih.gov/pmc/articles/PMC4256233/,Tuberculosis
493,Tuberculosis-494,PNG,512*512,https://www.ncbi.nlm.nih.gov/pmc/articles/PMC4256233/,Tuberculosis
494,Tuberculosis-495,PNG,512*512,https://www.ncbi.nlm.nih.gov/pmc/articles/PMC4256233/,Tuberculosis
495,Tuberculosis-496,PNG,512*512,https://www.ncbi.nlm.nih.gov/pmc/articles/PMC4256233/,Tuberculosis
496,Tuberculosis-497,PNG,512*512,https://www.ncbi.nlm.nih.gov/pmc/articles/PMC4256233/,Tuberculosis
497,Tuberculosis-498,PNG,512*512,https://www.ncbi.nlm.nih.gov/pmc/articles/PMC4256233/,Tuberculosis
498,Tuberculosis-499,PNG,512*512,https://www.ncbi.nlm.nih.gov/pmc/articles/PMC4256233/,Tuberculosis
499,Tuberculosis-500,PNG,512*512,https://www.ncbi.nlm.nih.gov/pmc/articles/PMC4256233/,Tuberculosis
